Member ID,node
jrrfs_ensf_save_da_output_mem001,1
jrrfs_ensf_save_da_output_mem004,1
jrrfs_ensf_recenter,10
jrrfs_ensf_save_da_output_mem003,1
jrrfs_ensf_save_da_output_mem005,1
jrrfs_ensf_save_da_output_mem002,1
jrrfs_enkf_analysis_nonvarcld_mem010,1
jrrfs_enkf_analysis_nonvarcld_spinup_mem030,1
jrrfs_enkf_analysis_nonvarcld_mem023,1
jrrfs_enkf_analysis_nonvarcld_spinup_mem006,1
jrrfs_enkf_analysis_nonvarcld_spinup_mem026,1
jrrfs_enkf_analysis_nonvarcld_spinup_mem008,1
jrrfs_enkf_analysis_nonvarcld_spinup_mem015,1
jrrfs_enkf_analysis_nonvarcld_spinup_mem013,1
jrrfs_enkf_analysis_nonvarcld_spinup_mem019,1
jrrfs_enkf_analysis_nonvarcld_mem020,1
jrrfs_enkf_analysis_nonvarcld_spinup_mem012,1
jrrfs_enkf_analysis_nonvarcld_mem019,1
jrrfs_enkf_analysis_nonvarcld_mem004,1
jrrfs_enkf_analysis_nonvarcld_spinup_mem027,1
jrrfs_enkf_analysis_nonvarcld_spinup_mem003,1
jrrfs_enkf_analysis_nonvarcld_spinup_mem007,1
jrrfs_enkf_analysis_nonvarcld_mem028,1
jrrfs_enkf_analysis_nonvarcld_mem027,1
jrrfs_enkf_updt,20
jrrfs_enkf_analysis_nonvarcld_mem016,1
jrrfs_enkf_analysis_nonvarcld_mem013,1
jrrfs_enkf_analysis_nonvarcld_spinup_mem016,1
jrrfs_enkf_analysis_nonvarcld_spinup_mem029,1
jrrfs_enkf_save_da_output_mem004,1
jrrfs_enkf_save_da_output_mem005,1
jrrfs_enkf_analysis_nonvarcld_spinup_mem028,1
jrrfs_enkf_analysis_nonvarcld_mem025,1
jrrfs_enkf_analysis_nonvarcld_mem012,1
jrrfs_enkf_analysis_nonvarcld_mem021,1
jrrfs_enkf_analysis_nonvarcld_spinup_mem018,1
jrrfs_enkf_analysis_nonvarcld_mem022,1
jrrfs_enkf_analysis_nonvarcld_spinup_mem004,1
jrrfs_enkf_analysis_nonvarcld_mem007,1
jrrfs_enkf_analysis_nonvarcld_mem017,1
jrrfs_enkf_radarref,20
jrrfs_enkf_analysis_nonvarcld_spinup_mem005,1
jrrfs_enkf_analysis_nonvarcld_spinup_mem020,1
jrrfs_enkf_updt_spinup,20
jrrfs_enkf_analysis_nonvarcld_spinup_mem001,1
jrrfs_enkf_save_da_output_mem003,1
jrrfs_enkf_analysis_nonvarcld_spinup_mem011,1
jrrfs_enkf_analysis_nonvarcld_mem009,1
jrrfs_enkf_analysis_nonvarcld_spinup_mem021,1
jrrfs_enkf_analysis_nonvarcld_spinup_mem025,1
jrrfs_enkf_analysis_nonvarcld_mem030,1
jrrfs_enkf_analysis_nonvarcld_spinup_mem017,1
jrrfs_enkf_analysis_nonvarcld_mem029,1
jrrfs_enkf_analysis_nonvarcld_mem026,1
jrrfs_enkf_save_da_output_mem001,1
jrrfs_enkf_analysis_nonvarcld_spinup_mem002,1
jrrfs_enkf_analysis_nonvarcld_mem005,1
jrrfs_enkf_analysis_nonvarcld_mem003,1
jrrfs_enkf_save_da_output_mem002,1
jrrfs_enkf_analysis_nonvarcld_spinup_mem014,1
jrrfs_enkf_analysis_nonvarcld_spinup_mem024,1
jrrfs_enkf_analysis_nonvarcld_mem011,1
jrrfs_enkf_analysis_nonvarcld_mem015,1
jrrfs_enkf_analysis_nonvarcld_spinup_mem009,1
jrrfs_enkf_analysis_nonvarcld_spinup_mem022,1
jrrfs_enkf_radarref_spinup,20
jrrfs_enkf_analysis_nonvarcld_mem024,1
jrrfs_enkf_analysis_nonvarcld_mem002,1
jrrfs_enkf_analysis_nonvarcld_mem008,1
jrrfs_enkf_analysis_nonvarcld_mem014,1
jrrfs_enkf_analysis_nonvarcld_mem006,1
jrrfs_enkf_analysis_nonvarcld_spinup_mem023,1
jrrfs_enkf_analysis_nonvarcld_mem001,1
jrrfs_enkf_analysis_nonvarcld_spinup_mem010,1
jrrfs_enkf_analysis_nonvarcld_mem018,1
jrrfs_det_analysis_gsi_diag_spinup,1
jrrfs_det_analysis_gsi_diag,1
jrrfs_det_analysis_gsi,60
jrrfs_det_analysis_nonvarcld_spinup,1
jrrfs_det_analysis_nonvarcld,1
jrrfs_det_update_lbc_soil_spinup,1
jrrfs_det_analysis_gsi_spinup,60
jrrfs_det_update_lbc_soil,1
jrrfs_clean,1
jrrfs_ensf_forecast_mem002,52
jrrfs_ensf_forecast_mem005,52
jrrfs_ensf_forecast_mem001,52
jrrfs_ensf_forecast_mem003,52
jrrfs_ensf_forecast_mem004,52
jrrfs_firewx_forecast,4
jrrfs_enkf_forecast_ensinit_mem017,13
jrrfs_enkf_forecast_long_mem003,13
jrrfs_enkf_forecast_long_mem012,13
jrrfs_enkf_forecast_mem028,13
jrrfs_enkf_save_restart_long_mem002_f1,1
jrrfs_enkf_save_restart_spinup_mem011_f001,1
jrrfs_enkf_forecast_ensinit_mem012,13
jrrfs_enkf_save_restart_ensinit_mem022,1
jrrfs_enkf_forecast_long_mem023,13
jrrfs_enkf_save_restart_long_mem029_f1,1
jrrfs_enkf_save_restart_long_mem024_f1,1
jrrfs_enkf_save_restart_spinup_mem001_f001,1
jrrfs_enkf_forecast_spinup_mem023,13
jrrfs_enkf_save_restart_long_mem019_f1,1
jrrfs_enkf_forecast_ensinit_mem004,13
jrrfs_enkf_save_restart_long_mem021_f1,1
jrrfs_enkf_forecast_long_mem010,13
jrrfs_enkf_save_restart_ensinit_mem004,1
jrrfs_enkf_save_restart_spinup_mem004_f001,1
jrrfs_enkf_save_restart_mem016_f1,1
jrrfs_enkf_forecast_ensinit_mem021,13
jrrfs_enkf_save_restart_long_mem006_f1,1
jrrfs_enkf_forecast_mem009,13
jrrfs_enkf_forecast_long_mem027,13
jrrfs_enkf_forecast_long_mem024,13
jrrfs_enkf_save_restart_long_mem030_f1,1
jrrfs_enkf_forecast_long_mem025,13
jrrfs_enkf_save_restart_spinup_mem026_f001,1
jrrfs_enkf_save_restart_ensinit_mem011,1
jrrfs_enkf_forecast_mem018,13
jrrfs_enkf_save_restart_long_mem014_f1,1
jrrfs_enkf_forecast_long_mem008,13
jrrfs_enkf_save_restart_mem014_f1,1
jrrfs_enkf_save_restart_long_mem023_f1,1
jrrfs_enkf_save_restart_spinup_mem008_f001,1
jrrfs_enkf_forecast_long_mem017,13
jrrfs_enkf_forecast_long_mem004,13
jrrfs_enkf_forecast_long_mem001,13
jrrfs_enkf_save_restart_mem019_f1,1
jrrfs_enkf_forecast_mem024,13
jrrfs_enkf_forecast_ensinit_mem011,13
jrrfs_enkf_forecast_ensinit_mem019,13
jrrfs_enkf_forecast_ensinit_mem016,13
jrrfs_enkf_forecast_mem005,13
jrrfs_enkf_forecast_ensinit_mem006,13
jrrfs_enkf_save_restart_spinup_mem023_f001,1
jrrfs_enkf_forecast_spinup_mem003,13
jrrfs_enkf_save_restart_ensinit_mem028,1
jrrfs_enkf_forecast_mem012,13
jrrfs_enkf_forecast_mem014,13
jrrfs_enkf_forecast_mem011,13
jrrfs_enkf_forecast_mem004,13
jrrfs_enkf_forecast_mem006,13
jrrfs_enkf_save_restart_ensinit_mem008,1
jrrfs_enkf_save_restart_long_mem011_f1,1
jrrfs_enkf_forecast_spinup_mem004,13
jrrfs_enkf_save_restart_long_mem017_f1,1
jrrfs_enkf_save_restart_spinup_mem005_f001,1
jrrfs_enkf_forecast_spinup_mem021,13
jrrfs_enkf_forecast_spinup_mem014,13
jrrfs_enkf_forecast_long_mem030,13
jrrfs_enkf_forecast_spinup_mem026,13
jrrfs_enkf_save_restart_long_mem015_f1,1
jrrfs_enkf_forecast_spinup_mem016,13
jrrfs_enkf_save_restart_ensinit_mem023,1
jrrfs_enkf_save_restart_long_mem008_f1,1
jrrfs_enkf_save_restart_long_mem016_f1,1
jrrfs_enkf_forecast_long_mem006,13
jrrfs_enkf_forecast_mem026,13
jrrfs_enkf_forecast_mem025,13
jrrfs_enkf_forecast_ensinit_mem026,13
jrrfs_enkf_save_restart_ensinit_mem019,1
jrrfs_enkf_forecast_ensinit_mem015,13
jrrfs_enkf_forecast_spinup_mem007,13
jrrfs_enkf_forecast_mem017,13
jrrfs_enkf_save_restart_mem005_f1,1
jrrfs_enkf_save_restart_spinup_mem018_f001,1
jrrfs_enkf_save_restart_spinup_mem006_f001,1
jrrfs_enkf_forecast_mem021,13
jrrfs_enkf_save_restart_spinup_mem017_f001,1
jrrfs_enkf_forecast_ensinit_mem025,13
jrrfs_enkf_save_restart_ensinit_mem020,1
jrrfs_enkf_save_restart_ensinit_mem002,1
jrrfs_enkf_forecast_spinup_mem017,13
jrrfs_enkf_forecast_mem023,13
jrrfs_enkf_forecast_long_mem014,13
jrrfs_enkf_forecast_long_mem021,13
jrrfs_enkf_forecast_long_mem029,13
jrrfs_enkf_forecast_mem016,13
jrrfs_enkf_forecast_spinup_mem029,13
jrrfs_enkf_save_restart_long_mem004_f1,1
jrrfs_enkf_forecast_spinup_mem006,13
jrrfs_enkf_forecast_ensinit_mem018,13
jrrfs_enkf_save_restart_mem001_f1,1
jrrfs_enkf_save_restart_spinup_mem029_f001,1
jrrfs_enkf_forecast_spinup_mem005,13
jrrfs_enkf_save_restart_ensinit_mem017,1
jrrfs_enkf_save_restart_spinup_mem019_f001,1
jrrfs_enkf_save_restart_ensinit_mem005,1
jrrfs_enkf_forecast_mem030,13
jrrfs_enkf_save_restart_mem028_f1,1
jrrfs_enkf_forecast_long_mem005,13
jrrfs_enkf_save_restart_ensinit_mem006,1
jrrfs_enkf_save_restart_long_mem027_f1,1
jrrfs_enkf_save_restart_mem010_f1,1
jrrfs_enkf_forecast_spinup_mem010,13
jrrfs_enkf_forecast_mem020,13
jrrfs_enkf_forecast_ensinit_mem001,13
jrrfs_enkf_forecast_ensinit_mem028,13
jrrfs_enkf_save_restart_long_mem010_f1,1
jrrfs_enkf_forecast_mem029,13
jrrfs_enkf_save_restart_mem024_f1,1
jrrfs_enkf_forecast_ensinit_mem027,13
jrrfs_enkf_forecast_long_mem019,13
jrrfs_enkf_save_restart_spinup_mem021_f001,1
jrrfs_enkf_save_restart_mem022_f1,1
jrrfs_enkf_save_restart_mem011_f1,1
jrrfs_enkf_save_restart_long_mem013_f1,1
jrrfs_enkf_save_restart_mem025_f1,1
jrrfs_enkf_save_restart_long_mem028_f1,1
jrrfs_enkf_forecast_ensinit_mem022,13
jrrfs_enkf_forecast_ensinit_mem023,13
jrrfs_enkf_save_restart_mem018_f1,1
jrrfs_enkf_save_restart_long_mem026_f1,1
jrrfs_enkf_forecast_mem007,13
jrrfs_enkf_save_restart_long_mem020_f1,1
jrrfs_enkf_save_restart_long_mem018_f1,1
jrrfs_enkf_forecast_long_mem028,13
jrrfs_enkf_save_restart_ensinit_mem021,1
jrrfs_enkf_save_restart_spinup_mem016_f001,1
jrrfs_enkf_forecast_ensinit_mem005,13
jrrfs_enkf_save_restart_ensinit_mem025,1
jrrfs_enkf_forecast_ensinit_mem002,13
jrrfs_enkf_forecast_ensinit_mem007,13
jrrfs_enkf_save_restart_mem017_f1,1
jrrfs_enkf_save_restart_mem023_f1,1
jrrfs_enkf_forecast_spinup_mem019,13
jrrfs_enkf_save_restart_mem008_f1,1
jrrfs_enkf_save_restart_spinup_mem010_f001,1
jrrfs_enkf_forecast_mem001,13
jrrfs_enkf_save_restart_ensinit_mem027,1
jrrfs_enkf_forecast_mem003,13
jrrfs_enkf_forecast_ensinit_mem009,13
jrrfs_enkf_save_restart_spinup_mem013_f001,1
jrrfs_enkf_save_restart_spinup_mem027_f001,1
jrrfs_enkf_save_restart_mem009_f1,1
jrrfs_enkf_save_restart_spinup_mem030_f001,1
jrrfs_enkf_save_restart_mem012_f1,1
jrrfs_enkf_save_restart_spinup_mem025_f001,1
jrrfs_enkf_forecast_spinup_mem022,13
jrrfs_enkf_forecast_long_mem016,13
jrrfs_enkf_forecast_spinup_mem020,13
jrrfs_enkf_forecast_spinup_mem011,13
jrrfs_enkf_forecast_ensinit_mem030,13
jrrfs_enkf_save_restart_mem026_f1,1
jrrfs_enkf_save_restart_spinup_mem020_f001,1
jrrfs_enkf_forecast_long_mem002,13
jrrfs_enkf_save_restart_ensinit_mem024,1
jrrfs_enkf_save_restart_ensinit_mem001,1
jrrfs_enkf_forecast_long_mem007,13
jrrfs_enkf_save_restart_ensinit_mem009,1
jrrfs_enkf_save_restart_mem021_f1,1
jrrfs_enkf_save_restart_mem013_f1,1
jrrfs_enkf_forecast_spinup_mem001,13
jrrfs_enkf_forecast_ensinit_mem008,13
jrrfs_enkf_forecast_mem027,13
jrrfs_enkf_save_restart_mem002_f1,1
jrrfs_enkf_save_restart_mem004_f1,1
jrrfs_enkf_forecast_mem010,13
jrrfs_enkf_save_restart_ensinit_mem018,1
jrrfs_enkf_save_restart_spinup_mem009_f001,1
jrrfs_enkf_save_restart_ensinit_mem029,1
jrrfs_enkf_forecast_long_mem009,13
jrrfs_enkf_save_restart_long_mem003_f1,1
jrrfs_enkf_forecast_long_mem022,13
jrrfs_enkf_save_restart_spinup_mem007_f001,1
jrrfs_enkf_save_restart_mem007_f1,1
jrrfs_enkf_save_restart_spinup_mem012_f001,1
jrrfs_enkf_forecast_mem008,13
jrrfs_enkf_save_restart_long_mem022_f1,1
jrrfs_enkf_save_restart_spinup_mem014_f001,1
jrrfs_enkf_save_restart_ensinit_mem012,1
jrrfs_enkf_save_restart_mem020_f1,1
jrrfs_enkf_save_restart_mem003_f1,1
jrrfs_enkf_forecast_spinup_mem027,13
jrrfs_enkf_save_restart_long_mem001_f1,1
jrrfs_enkf_save_restart_mem030_f1,1
jrrfs_enkf_save_restart_spinup_mem024_f001,1
jrrfs_enkf_forecast_long_mem026,13
jrrfs_enkf_forecast_spinup_mem012,13
jrrfs_enkf_forecast_mem019,13
jrrfs_enkf_forecast_long_mem013,13
jrrfs_enkf_save_restart_ensinit_mem030,1
jrrfs_enkf_forecast_ensinit_mem020,13
jrrfs_enkf_save_restart_spinup_mem003_f001,1
jrrfs_enkf_forecast_spinup_mem018,13
jrrfs_enkf_forecast_spinup_mem009,13
jrrfs_enkf_save_restart_long_mem007_f1,1
jrrfs_enkf_forecast_mem013,13
jrrfs_enkf_forecast_ensinit_mem013,13
jrrfs_enkf_save_restart_ensinit_mem003,1
jrrfs_enkf_forecast_long_mem015,13
jrrfs_enkf_save_restart_spinup_mem028_f001,1
jrrfs_enkf_forecast_mem002,13
jrrfs_enkf_save_restart_long_mem009_f1,1
jrrfs_enkf_forecast_long_mem018,13
jrrfs_enkf_forecast_long_mem020,13
jrrfs_enkf_forecast_ensinit_mem003,13
jrrfs_enkf_forecast_ensinit_mem024,13
jrrfs_enkf_forecast_spinup_mem030,13
jrrfs_enkf_forecast_spinup_mem015,13
jrrfs_enkf_forecast_spinup_mem025,13
jrrfs_enkf_forecast_mem015,13
jrrfs_enkf_forecast_ensinit_mem010,13
jrrfs_enkf_save_restart_ensinit_mem016,1
jrrfs_enkf_save_restart_ensinit_mem007,1
jrrfs_enkf_save_restart_ensinit_mem026,1
jrrfs_enkf_forecast_spinup_mem013,13
jrrfs_enkf_save_restart_spinup_mem015_f001,1
jrrfs_enkf_forecast_spinup_mem024,13
jrrfs_enkf_save_restart_ensinit_mem010,1
jrrfs_enkf_save_restart_ensinit_mem013,1
jrrfs_enkf_save_restart_ensinit_mem015,1
jrrfs_enkf_forecast_spinup_mem028,13
jrrfs_enkf_save_restart_spinup_mem002_f001,1
jrrfs_enkf_save_restart_spinup_mem022_f001,1
jrrfs_enkf_save_restart_long_mem005_f1,1
jrrfs_enkf_forecast_long_mem011,13
jrrfs_enkf_forecast_spinup_mem002,13
jrrfs_enkf_save_restart_long_mem025_f1,1
jrrfs_enkf_save_restart_mem006_f1,1
jrrfs_enkf_save_restart_mem027_f1,1
jrrfs_enkf_save_restart_mem015_f1,1
jrrfs_enkf_forecast_ensinit_mem029,13
jrrfs_enkf_forecast_ensinit_mem014,13
jrrfs_enkf_save_restart_mem029_f1,1
jrrfs_enkf_save_restart_long_mem012_f1,1
jrrfs_enkf_save_restart_ensinit_mem014,1
jrrfs_enkf_forecast_mem022,13
jrrfs_enkf_forecast_spinup_mem008,13
jrrfs_det_save_restart_long_1,1
jrrfs_det_forecast,52
jrrfs_det_save_restart_f2,1
jrrfs_det_save_restart_long_48,1
jrrfs_det_forecast_long,52
jrrfs_det_save_restart_f1,1
jrrfs_det_save_restart_long_2,1
jrrfs_det_save_restart_spinup_f001,1
jrrfs_det_forecast_spinup,52
jrrfs_det_save_restart_long_36,1
jrrfs_det_save_restart_long_24,1
jrrfs_det_save_restart_long_12,1
jrrfs_fsm,1
jrrfs_fsm,1
jrrfs_ensf_make_lbcs_09_mem004,1
jrrfs_ensf_make_lbcs_05_mem002,1
jrrfs_ensf_make_lbcs_06_mem002,1
jrrfs_ensf_make_lbcs_02_mem001,1
jrrfs_ensf_make_lbcs_07_mem001,1
jrrfs_ensf_make_lbcs_03_mem004,1
jrrfs_ensf_make_lbcs_01_mem004,1
jrrfs_ensf_make_lbcs_04_mem004,1
jrrfs_ensf_make_lbcs_07_mem005,1
jrrfs_ensf_make_lbcs_05_mem003,1
jrrfs_ensf_make_lbcs_06_mem004,1
jrrfs_ensf_make_lbcs_00_mem001,1
jrrfs_ensf_make_lbcs_00_mem003,1
jrrfs_ensf_make_lbcs_08_mem001,1
jrrfs_ensf_make_lbcs_06_mem001,1
jrrfs_ensf_make_lbcs_08_mem003,1
jrrfs_ensf_make_lbcs_03_mem005,1
jrrfs_ensf_make_lbcs_01_mem005,1
jrrfs_ensf_make_lbcs_00_mem005,1
jrrfs_ensf_make_lbcs_05_mem001,1
jrrfs_ensf_make_lbcs_09_mem001,1
jrrfs_ensf_make_lbcs_03_mem002,1
jrrfs_ensf_make_lbcs_04_mem003,1
jrrfs_ensf_make_lbcs_04_mem005,1
jrrfs_ensf_make_lbcs_01_mem003,1
jrrfs_ensf_make_lbcs_07_mem004,1
jrrfs_ensf_make_lbcs_07_mem003,1
jrrfs_ensf_make_lbcs_02_mem005,1
jrrfs_ensf_make_lbcs_06_mem005,1
jrrfs_ensf_make_lbcs_09_mem002,1
jrrfs_ensf_make_lbcs_08_mem002,1
jrrfs_ensf_make_lbcs_06_mem003,1
jrrfs_ensf_make_lbcs_03_mem003,1
jrrfs_ensf_make_lbcs_02_mem002,1
jrrfs_ensf_make_lbcs_02_mem004,1
jrrfs_ensf_make_lbcs_08_mem005,1
jrrfs_ensf_make_lbcs_00_mem004,1
jrrfs_ensf_make_lbcs_08_mem004,1
jrrfs_ensf_make_lbcs_00_mem002,1
jrrfs_ensf_make_lbcs_02_mem003,1
jrrfs_ensf_make_lbcs_04_mem001,1
jrrfs_ensf_make_lbcs_04_mem002,1
jrrfs_ensf_make_lbcs_01_mem001,1
jrrfs_ensf_make_lbcs_03_mem001,1
jrrfs_ensf_make_lbcs_01_mem002,1
jrrfs_ensf_make_lbcs_05_mem005,1
jrrfs_ensf_make_lbcs_07_mem002,1
jrrfs_ensf_make_lbcs_09_mem003,1
jrrfs_ensf_make_lbcs_09_mem005,1
jrrfs_ensf_make_lbcs_05_mem004,1
jrrfs_firewx_make_lbcs_01,1
jrrfs_firewx_make_lbcs_16,1
jrrfs_firewx_make_lbcs_04,1
jrrfs_firewx_make_lbcs_13,1
jrrfs_firewx_make_lbcs_24,1
jrrfs_firewx_make_orog,1
jrrfs_firewx_make_lbcs_20,1
jrrfs_firewx_make_grid,1
jrrfs_firewx_make_lbcs_21,1
jrrfs_firewx_make_lbcs_25,1
jrrfs_firewx_make_ics,8
jrrfs_firewx_make_lbcs_12,1
jrrfs_firewx_make_lbcs_03,1
jrrfs_firewx_make_lbcs_35,1
jrrfs_firewx_make_lbcs_10,1
jrrfs_firewx_make_lbcs_27,1
jrrfs_firewx_make_lbcs_18,1
jrrfs_firewx_make_lbcs_07,1
jrrfs_firewx_make_lbcs_06,1
jrrfs_firewx_make_lbcs_15,1
jrrfs_firewx_make_lbcs_11,1
jrrfs_firewx_make_lbcs_00,1
jrrfs_firewx_make_lbcs_28,1
jrrfs_firewx_make_lbcs_08,1
jrrfs_firewx_make_lbcs_02,1
jrrfs_firewx_make_lbcs_29,1
jrrfs_firewx_make_lbcs_22,1
jrrfs_firewx_make_lbcs_23,1
jrrfs_firewx_make_lbcs_17,1
jrrfs_firewx_make_lbcs_31,1
jrrfs_firewx_make_sfc_climo,6
jrrfs_firewx_make_sfc_climo,9
jrrfs_firewx_make_lbcs_14,1
jrrfs_firewx_make_lbcs_26,1
jrrfs_firewx_make_lbcs_05,1
jrrfs_firewx_make_lbcs_19,1
jrrfs_firewx_make_lbcs_33,1
jrrfs_firewx_make_lbcs_32,1
jrrfs_firewx_make_lbcs_09,1
jrrfs_firewx_make_lbcs_34,1
jrrfs_firewx_make_lbcs_30,1
jrrfs_enkf_make_lbcs_02_mem023,1
jrrfs_enkf_make_lbcs_01_mem024,1
jrrfs_enkf_make_lbcs_00_mem010,1
jrrfs_enkf_make_lbcs_09_mem023,1
jrrfs_enkf_make_lbcs_05_mem028,1
jrrfs_enkf_make_lbcs_07_mem024,1
jrrfs_enkf_make_lbcs_06_mem018,1
jrrfs_enkf_make_lbcs_02_mem022,1
jrrfs_enkf_make_lbcs_00_mem005,1
jrrfs_enkf_make_lbcs_02_mem015,1
jrrfs_enkf_make_lbcs_07_mem029,1
jrrfs_enkf_make_lbcs_01_mem021,1
jrrfs_enkf_make_lbcs_01_mem015,1
jrrfs_enkf_make_lbcs_04_mem004,1
jrrfs_enkf_make_lbcs_08_mem021,1
jrrfs_enkf_make_lbcs_08_mem022,1
jrrfs_enkf_blend_ics_mem022,1
jrrfs_enkf_make_lbcs_09_mem027,1
jrrfs_enkf_make_lbcs_10_mem017,1
jrrfs_enkf_make_lbcs_08_mem027,1
jrrfs_enkf_make_lbcs_07_mem017,1
jrrfs_enkf_make_lbcs_04_mem006,1
jrrfs_enkf_make_lbcs_10_mem012,1
jrrfs_enkf_make_lbcs_09_mem018,1
jrrfs_enkf_make_lbcs_07_mem027,1
jrrfs_enkf_make_lbcs_02_mem005,1
jrrfs_enkf_make_lbcs_06_mem026,1
jrrfs_enkf_make_lbcs_04_mem015,1
jrrfs_enkf_make_ics_mem024,2
jrrfs_enkf_make_lbcs_01_mem010,1
jrrfs_enkf_make_lbcs_07_mem022,1
jrrfs_enkf_make_lbcs_06_mem013,1
jrrfs_enkf_make_lbcs_11_mem006,1
jrrfs_enkf_make_lbcs_09_mem015,1
jrrfs_enkf_make_lbcs_07_mem019,1
jrrfs_enkf_make_lbcs_11_mem020,1
jrrfs_enkf_blend_ics_mem027,1
jrrfs_enkf_blend_ics_mem029,1
jrrfs_enkf_make_lbcs_09_mem026,1
jrrfs_enkf_make_lbcs_08_mem024,1
jrrfs_enkf_make_lbcs_03_mem010,1
jrrfs_enkf_make_lbcs_05_mem020,1
jrrfs_enkf_make_lbcs_04_mem002,1
jrrfs_enkf_make_lbcs_11_mem023,1
jrrfs_enkf_make_lbcs_10_mem026,1
jrrfs_enkf_make_lbcs_07_mem002,1
jrrfs_enkf_make_lbcs_10_mem027,1
jrrfs_enkf_make_ics_mem014,2
jrrfs_enkf_make_lbcs_09_mem011,1
jrrfs_enkf_make_lbcs_08_mem019,1
jrrfs_enkf_make_ics_mem007,2
jrrfs_enkf_make_lbcs_07_mem006,1
jrrfs_enkf_blend_ics_mem008,1
jrrfs_enkf_make_ics_mem001,2
jrrfs_enkf_make_lbcs_00_mem016,1
jrrfs_enkf_make_lbcs_02_mem012,1
jrrfs_enkf_make_lbcs_09_mem002,1
jrrfs_enkf_make_lbcs_00_mem003,1
jrrfs_enkf_make_lbcs_10_mem025,1
jrrfs_enkf_make_lbcs_05_mem026,1
jrrfs_enkf_make_lbcs_01_mem004,1
jrrfs_enkf_make_lbcs_07_mem020,1
jrrfs_enkf_make_lbcs_11_mem007,1
jrrfs_enkf_make_lbcs_08_mem018,1
jrrfs_enkf_make_lbcs_07_mem030,1
jrrfs_enkf_make_lbcs_06_mem020,1
jrrfs_enkf_make_lbcs_10_mem016,1
jrrfs_enkf_make_lbcs_04_mem013,1
jrrfs_enkf_make_lbcs_05_mem003,1
jrrfs_enkf_make_lbcs_02_mem016,1
jrrfs_enkf_make_lbcs_06_mem015,1
jrrfs_enkf_make_lbcs_04_mem018,1
jrrfs_enkf_blend_ics_mem009,1
jrrfs_enkf_make_lbcs_05_mem009,1
jrrfs_enkf_make_ics_mem025,2
jrrfs_enkf_make_lbcs_10_mem029,1
jrrfs_enkf_make_lbcs_00_mem025,1
jrrfs_enkf_make_lbcs_03_mem001,1
jrrfs_enkf_make_lbcs_07_mem004,1
jrrfs_enkf_make_lbcs_10_mem028,1
jrrfs_enkf_make_lbcs_11_mem024,1
jrrfs_enkf_make_lbcs_10_mem006,1
jrrfs_enkf_make_lbcs_07_mem015,1
jrrfs_enkf_make_lbcs_00_mem011,1
jrrfs_enkf_make_lbcs_08_mem020,1
jrrfs_enkf_make_lbcs_02_mem003,1
jrrfs_enkf_make_lbcs_05_mem025,1
jrrfs_enkf_make_lbcs_08_mem029,1
jrrfs_enkf_make_lbcs_07_mem025,1
jrrfs_enkf_make_lbcs_03_mem006,1
jrrfs_enkf_make_lbcs_02_mem007,1
jrrfs_enkf_make_lbcs_06_mem017,1
jrrfs_enkf_make_lbcs_11_mem025,1
jrrfs_enkf_make_lbcs_04_mem028,1
jrrfs_enkf_make_lbcs_09_mem022,1
jrrfs_enkf_make_ics_mem004,2
jrrfs_enkf_make_lbcs_05_mem004,1
jrrfs_enkf_make_lbcs_09_mem020,1
jrrfs_enkf_make_lbcs_05_mem007,1
jrrfs_enkf_make_lbcs_08_mem014,1
jrrfs_enkf_blend_ics_mem012,1
jrrfs_enkf_make_lbcs_11_mem001,1
jrrfs_enkf_make_lbcs_08_mem010,1
jrrfs_enkf_make_lbcs_10_mem015,1
jrrfs_enkf_make_lbcs_02_mem014,1
jrrfs_enkf_make_lbcs_04_mem014,1
jrrfs_enkf_make_ics_mem018,2
jrrfs_enkf_make_lbcs_03_mem030,1
jrrfs_enkf_make_lbcs_09_mem028,1
jrrfs_enkf_make_lbcs_00_mem004,1
jrrfs_enkf_make_lbcs_01_mem016,1
jrrfs_enkf_make_lbcs_04_mem021,1
jrrfs_enkf_make_lbcs_05_mem002,1
jrrfs_enkf_make_lbcs_05_mem023,1
jrrfs_enkf_make_lbcs_04_mem009,1
jrrfs_enkf_make_lbcs_03_mem028,1
jrrfs_enkf_make_lbcs_07_mem026,1
jrrfs_enkf_make_lbcs_03_mem005,1
jrrfs_enkf_make_lbcs_06_mem014,1
jrrfs_enkf_make_lbcs_02_mem024,1
jrrfs_enkf_make_lbcs_03_mem015,1
jrrfs_enkf_make_lbcs_10_mem010,1
jrrfs_enkf_make_lbcs_10_mem003,1
jrrfs_enkf_make_ics_mem011,2
jrrfs_enkf_make_lbcs_04_mem008,1
jrrfs_enkf_make_lbcs_11_mem016,1
jrrfs_enkf_blend_ics_mem010,1
jrrfs_enkf_make_lbcs_06_mem009,1
jrrfs_enkf_make_ics_mem029,2
jrrfs_enkf_blend_ics_mem005,1
jrrfs_enkf_make_lbcs_08_mem015,1
jrrfs_enkf_make_lbcs_09_mem019,1
jrrfs_enkf_make_lbcs_03_mem012,1
jrrfs_enkf_make_lbcs_03_mem017,1
jrrfs_enkf_make_lbcs_00_mem007,1
jrrfs_enkf_make_lbcs_06_mem030,1
jrrfs_enkf_make_lbcs_09_mem024,1
jrrfs_enkf_make_lbcs_07_mem021,1
jrrfs_enkf_make_lbcs_01_mem029,1
jrrfs_enkf_make_lbcs_09_mem013,1
jrrfs_enkf_make_lbcs_02_mem006,1
jrrfs_enkf_make_lbcs_06_mem024,1
jrrfs_enkf_make_ics_mem006,2
jrrfs_enkf_make_lbcs_02_mem026,1
jrrfs_enkf_make_ics_mem027,2
jrrfs_enkf_make_lbcs_08_mem006,1
jrrfs_enkf_blend_ics_mem015,1
jrrfs_enkf_make_lbcs_05_mem015,1
jrrfs_enkf_make_ics_mem003,2
jrrfs_enkf_make_lbcs_05_mem016,1
jrrfs_enkf_make_ics_mem013,2
jrrfs_enkf_make_lbcs_04_mem024,1
jrrfs_enkf_make_lbcs_01_mem028,1
jrrfs_enkf_make_lbcs_03_mem014,1
jrrfs_enkf_make_lbcs_10_mem002,1
jrrfs_enkf_make_lbcs_11_mem008,1
jrrfs_enkf_make_lbcs_11_mem021,1
jrrfs_enkf_blend_ics_mem014,1
jrrfs_enkf_make_lbcs_04_mem011,1
jrrfs_enkf_blend_ics_mem003,1
jrrfs_enkf_make_lbcs_10_mem021,1
jrrfs_enkf_make_lbcs_08_mem005,1
jrrfs_enkf_make_lbcs_11_mem028,1
jrrfs_enkf_make_lbcs_01_mem012,1
jrrfs_enkf_make_lbcs_06_mem027,1
jrrfs_enkf_make_lbcs_08_mem001,1
jrrfs_enkf_make_lbcs_05_mem027,1
jrrfs_enkf_make_lbcs_01_mem026,1
jrrfs_enkf_make_lbcs_10_mem030,1
jrrfs_enkf_make_lbcs_05_mem029,1
jrrfs_enkf_make_lbcs_09_mem014,1
jrrfs_enkf_make_lbcs_07_mem016,1
jrrfs_enkf_make_lbcs_11_mem002,1
jrrfs_enkf_make_lbcs_00_mem026,1
jrrfs_enkf_make_lbcs_00_mem027,1
jrrfs_enkf_make_lbcs_03_mem008,1
jrrfs_enkf_make_lbcs_06_mem022,1
jrrfs_enkf_make_lbcs_09_mem025,1
jrrfs_enkf_make_lbcs_01_mem013,1
jrrfs_enkf_blend_ics_mem023,1
jrrfs_enkf_make_lbcs_02_mem011,1
jrrfs_enkf_make_lbcs_00_mem013,1
jrrfs_enkf_make_lbcs_04_mem029,1
jrrfs_enkf_make_ics_mem028,2
jrrfs_enkf_make_ics_mem016,2
jrrfs_enkf_make_lbcs_03_mem007,1
jrrfs_enkf_make_lbcs_02_mem028,1
jrrfs_enkf_blend_ics_mem019,1
jrrfs_enkf_make_lbcs_09_mem009,1
jrrfs_enkf_make_lbcs_02_mem030,1
jrrfs_enkf_make_lbcs_01_mem011,1
jrrfs_enkf_make_lbcs_08_mem023,1
jrrfs_enkf_make_lbcs_05_mem021,1
jrrfs_enkf_make_lbcs_05_mem010,1
jrrfs_enkf_make_lbcs_11_mem030,1
jrrfs_enkf_make_lbcs_07_mem007,1
jrrfs_enkf_make_lbcs_03_mem013,1
jrrfs_enkf_make_lbcs_00_mem006,1
jrrfs_enkf_make_ics_mem022,2
jrrfs_enkf_make_ics_mem019,2
jrrfs_enkf_make_lbcs_09_mem030,1
jrrfs_enkf_make_lbcs_03_mem029,1
jrrfs_enkf_make_lbcs_06_mem010,1
jrrfs_enkf_make_lbcs_04_mem027,1
jrrfs_enkf_make_lbcs_04_mem012,1
jrrfs_enkf_make_lbcs_10_mem011,1
jrrfs_enkf_make_lbcs_04_mem025,1
jrrfs_enkf_make_lbcs_04_mem017,1
jrrfs_enkf_make_lbcs_07_mem001,1
jrrfs_enkf_blend_ics_mem017,1
jrrfs_enkf_make_lbcs_10_mem013,1
jrrfs_enkf_make_lbcs_09_mem016,1
jrrfs_enkf_make_lbcs_09_mem007,1
jrrfs_enkf_make_lbcs_08_mem013,1
jrrfs_enkf_make_lbcs_08_mem009,1
jrrfs_enkf_make_lbcs_05_mem014,1
jrrfs_enkf_make_lbcs_03_mem004,1
jrrfs_enkf_make_lbcs_01_mem030,1
jrrfs_enkf_make_lbcs_05_mem011,1
jrrfs_enkf_make_lbcs_03_mem021,1
jrrfs_enkf_make_lbcs_01_mem008,1
jrrfs_enkf_make_lbcs_11_mem011,1
jrrfs_enkf_make_lbcs_11_mem015,1
jrrfs_enkf_make_lbcs_04_mem005,1
jrrfs_enkf_make_lbcs_09_mem001,1
jrrfs_enkf_make_lbcs_11_mem004,1
jrrfs_enkf_make_lbcs_07_mem005,1
jrrfs_enkf_make_lbcs_08_mem011,1
jrrfs_enkf_make_lbcs_11_mem014,1
jrrfs_enkf_blend_ics_mem026,1
jrrfs_enkf_make_lbcs_11_mem026,1
jrrfs_enkf_make_lbcs_08_mem002,1
jrrfs_enkf_make_lbcs_06_mem003,1
jrrfs_enkf_make_lbcs_10_mem019,1
jrrfs_enkf_make_lbcs_04_mem026,1
jrrfs_enkf_make_lbcs_03_mem026,1
jrrfs_enkf_make_lbcs_01_mem006,1
jrrfs_enkf_make_lbcs_08_mem026,1
jrrfs_enkf_make_lbcs_02_mem013,1
jrrfs_enkf_blend_ics_mem018,1
jrrfs_enkf_make_lbcs_07_mem003,1
jrrfs_enkf_make_lbcs_00_mem017,1
jrrfs_enkf_make_lbcs_11_mem019,1
jrrfs_enkf_make_lbcs_03_mem023,1
jrrfs_enkf_make_lbcs_02_mem021,1
jrrfs_enkf_make_lbcs_02_mem029,1
jrrfs_enkf_make_lbcs_09_mem029,1
jrrfs_enkf_blend_ics_mem025,1
jrrfs_enkf_make_lbcs_11_mem010,1
jrrfs_enkf_make_lbcs_04_mem019,1
jrrfs_enkf_make_lbcs_10_mem023,1
jrrfs_enkf_make_lbcs_08_mem004,1
jrrfs_enkf_make_lbcs_11_mem027,1
jrrfs_enkf_make_lbcs_01_mem003,1
jrrfs_enkf_make_lbcs_01_mem025,1
jrrfs_enkf_make_lbcs_04_mem007,1
jrrfs_enkf_make_lbcs_02_mem001,1
jrrfs_enkf_make_lbcs_07_mem023,1
jrrfs_enkf_make_lbcs_11_mem022,1
jrrfs_enkf_make_lbcs_07_mem028,1
jrrfs_enkf_make_lbcs_01_mem023,1
jrrfs_enkf_blend_ics_mem013,1
jrrfs_enkf_blend_ics_mem001,1
jrrfs_enkf_make_lbcs_09_mem010,1
jrrfs_enkf_make_lbcs_01_mem014,1
jrrfs_enkf_make_ics_mem020,2
jrrfs_enkf_make_ics_mem017,2
jrrfs_enkf_make_lbcs_11_mem012,1
jrrfs_enkf_make_lbcs_11_mem009,1
jrrfs_enkf_make_lbcs_11_mem013,1
jrrfs_enkf_make_lbcs_07_mem011,1
jrrfs_enkf_make_lbcs_01_mem020,1
jrrfs_enkf_make_lbcs_00_mem009,1
jrrfs_enkf_make_lbcs_07_mem018,1
jrrfs_enkf_make_lbcs_06_mem023,1
jrrfs_enkf_blend_ics_mem020,1
jrrfs_enkf_make_lbcs_01_mem002,1
jrrfs_enkf_make_lbcs_08_mem012,1
jrrfs_enkf_make_lbcs_07_mem008,1
jrrfs_enkf_make_lbcs_04_mem003,1
jrrfs_enkf_make_lbcs_00_mem001,1
jrrfs_enkf_make_lbcs_02_mem010,1
jrrfs_enkf_make_lbcs_07_mem013,1
jrrfs_enkf_make_lbcs_00_mem020,1
jrrfs_enkf_make_lbcs_01_mem022,1
jrrfs_enkf_make_lbcs_06_mem005,1
jrrfs_enkf_make_lbcs_08_mem017,1
jrrfs_enkf_make_lbcs_10_mem001,1
jrrfs_enkf_make_lbcs_02_mem008,1
jrrfs_enkf_make_lbcs_01_mem018,1
jrrfs_enkf_make_lbcs_02_mem002,1
jrrfs_enkf_make_lbcs_09_mem005,1
jrrfs_enkf_make_lbcs_06_mem007,1
jrrfs_enkf_make_ics_mem008,2
jrrfs_enkf_make_lbcs_06_mem021,1
jrrfs_enkf_make_ics_mem005,2
jrrfs_enkf_make_lbcs_11_mem003,1
jrrfs_enkf_make_lbcs_07_mem012,1
jrrfs_enkf_make_lbcs_05_mem018,1
jrrfs_enkf_make_lbcs_04_mem020,1
jrrfs_enkf_make_lbcs_04_mem010,1
jrrfs_enkf_blend_ics_mem011,1
jrrfs_enkf_make_lbcs_05_mem017,1
jrrfs_enkf_make_ics_mem002,2
jrrfs_enkf_make_lbcs_10_mem020,1
jrrfs_enkf_make_lbcs_00_mem015,1
jrrfs_enkf_make_lbcs_07_mem014,1
jrrfs_enkf_make_lbcs_05_mem005,1
jrrfs_enkf_make_lbcs_05_mem008,1
jrrfs_enkf_make_lbcs_00_mem022,1
jrrfs_enkf_make_lbcs_06_mem016,1
jrrfs_enkf_make_lbcs_06_mem006,1
jrrfs_enkf_make_lbcs_06_mem029,1
jrrfs_enkf_make_lbcs_06_mem028,1
jrrfs_enkf_blend_ics_mem004,1
jrrfs_enkf_make_lbcs_02_mem018,1
jrrfs_enkf_make_ics_mem026,2
jrrfs_enkf_make_lbcs_09_mem008,1
jrrfs_enkf_make_lbcs_09_mem021,1
jrrfs_enkf_make_lbcs_02_mem027,1
jrrfs_enkf_make_lbcs_03_mem002,1
jrrfs_enkf_make_lbcs_05_mem006,1
jrrfs_enkf_make_lbcs_09_mem006,1
jrrfs_enkf_make_lbcs_10_mem014,1
jrrfs_enkf_make_lbcs_00_mem024,1
jrrfs_enkf_make_lbcs_03_mem011,1
jrrfs_enkf_make_lbcs_00_mem029,1
jrrfs_enkf_make_lbcs_10_mem024,1
jrrfs_enkf_make_lbcs_03_mem022,1
jrrfs_enkf_make_lbcs_00_mem021,1
jrrfs_enkf_make_lbcs_05_mem019,1
jrrfs_enkf_make_ics_mem012,2
jrrfs_enkf_make_lbcs_01_mem027,1
jrrfs_enkf_make_lbcs_03_mem018,1
jrrfs_enkf_make_lbcs_03_mem019,1
jrrfs_enkf_make_lbcs_05_mem012,1
jrrfs_enkf_make_lbcs_09_mem004,1
jrrfs_enkf_make_lbcs_05_mem001,1
jrrfs_enkf_make_lbcs_08_mem003,1
jrrfs_enkf_make_lbcs_10_mem018,1
jrrfs_enkf_make_lbcs_04_mem030,1
jrrfs_enkf_blend_ics_mem002,1
jrrfs_enkf_blend_ics_mem028,1
jrrfs_enkf_make_lbcs_10_mem007,1
jrrfs_enkf_make_ics_mem009,2
jrrfs_enkf_make_lbcs_02_mem020,1
jrrfs_enkf_make_lbcs_05_mem022,1
jrrfs_enkf_make_lbcs_03_mem025,1
jrrfs_enkf_make_lbcs_00_mem030,1
jrrfs_enkf_make_lbcs_07_mem009,1
jrrfs_enkf_make_lbcs_08_mem028,1
jrrfs_enkf_blend_ics_mem006,1
jrrfs_enkf_blend_ics_mem030,1
jrrfs_enkf_make_ics_mem010,2
jrrfs_enkf_make_lbcs_04_mem016,1
jrrfs_enkf_make_lbcs_03_mem016,1
jrrfs_enkf_make_ics_mem023,2
jrrfs_enkf_make_lbcs_05_mem024,1
jrrfs_enkf_make_lbcs_10_mem008,1
jrrfs_enkf_make_lbcs_08_mem025,1
jrrfs_enkf_make_lbcs_06_mem001,1
jrrfs_enkf_make_ics_mem015,2
jrrfs_enkf_make_lbcs_01_mem019,1
jrrfs_enkf_make_lbcs_01_mem017,1
jrrfs_enkf_make_lbcs_00_mem023,1
jrrfs_enkf_make_lbcs_03_mem003,1
jrrfs_enkf_make_lbcs_06_mem025,1
jrrfs_enkf_make_lbcs_01_mem009,1
jrrfs_enkf_make_lbcs_11_mem029,1
jrrfs_enkf_blend_ics_mem016,1
jrrfs_enkf_make_lbcs_11_mem017,1
jrrfs_enkf_make_lbcs_08_mem007,1
jrrfs_enkf_make_lbcs_09_mem017,1
jrrfs_enkf_make_lbcs_08_mem008,1
jrrfs_enkf_make_lbcs_00_mem014,1
jrrfs_enkf_make_lbcs_04_mem023,1
jrrfs_enkf_make_lbcs_00_mem008,1
jrrfs_enkf_make_lbcs_02_mem004,1
jrrfs_enkf_make_lbcs_06_mem019,1
jrrfs_enkf_make_lbcs_06_mem002,1
jrrfs_enkf_make_lbcs_09_mem012,1
jrrfs_enkf_make_lbcs_10_mem022,1
jrrfs_enkf_make_lbcs_02_mem017,1
jrrfs_enkf_make_lbcs_06_mem008,1
jrrfs_enkf_make_lbcs_03_mem027,1
jrrfs_enkf_make_lbcs_02_mem025,1
jrrfs_enkf_make_lbcs_00_mem018,1
jrrfs_enkf_make_lbcs_10_mem004,1
jrrfs_enkf_make_lbcs_03_mem024,1
jrrfs_enkf_make_lbcs_01_mem007,1
jrrfs_enkf_make_lbcs_07_mem010,1
jrrfs_enkf_make_lbcs_00_mem002,1
jrrfs_enkf_make_lbcs_00_mem012,1
jrrfs_enkf_make_lbcs_09_mem003,1
jrrfs_enkf_make_lbcs_05_mem030,1
jrrfs_enkf_make_lbcs_00_mem028,1
jrrfs_enkf_make_lbcs_04_mem001,1
jrrfs_enkf_make_lbcs_04_mem022,1
jrrfs_enkf_make_lbcs_03_mem009,1
jrrfs_enkf_blend_ics_mem021,1
jrrfs_enkf_make_lbcs_10_mem009,1
jrrfs_enkf_blend_ics_mem024,1
jrrfs_enkf_make_lbcs_01_mem005,1
jrrfs_enkf_make_lbcs_06_mem011,1
jrrfs_enkf_make_lbcs_08_mem016,1
jrrfs_enkf_make_lbcs_11_mem005,1
jrrfs_enkf_make_lbcs_02_mem009,1
jrrfs_enkf_make_lbcs_10_mem005,1
jrrfs_enkf_make_lbcs_11_mem018,1
jrrfs_enkf_make_ics_mem030,2
jrrfs_enkf_make_lbcs_00_mem019,1
jrrfs_enkf_make_ics_mem021,2
jrrfs_enkf_make_lbcs_08_mem030,1
jrrfs_enkf_blend_ics_mem007,1
jrrfs_enkf_make_lbcs_01_mem001,1
jrrfs_enkf_make_lbcs_06_mem012,1
jrrfs_enkf_make_lbcs_03_mem020,1
jrrfs_enkf_make_lbcs_05_mem013,1
jrrfs_enkf_make_lbcs_02_mem019,1
jrrfs_enkf_make_lbcs_06_mem004,1
jrrfs_det_make_ics,2
jrrfs_det_make_lbcs_83,1
jrrfs_det_make_lbcs_79,1
jrrfs_det_make_lbcs_19,1
jrrfs_det_make_lbcs_60,1
jrrfs_det_make_lbcs_55,1
jrrfs_det_make_lbcs_81,1
jrrfs_det_make_lbcs_76,1
jrrfs_det_make_lbcs_28,1
jrrfs_det_make_lbcs_43,1
jrrfs_det_make_lbcs_59,1
jrrfs_det_make_lbcs_18,1
jrrfs_det_make_lbcs_72,1
jrrfs_det_make_lbcs_53,1
jrrfs_det_make_lbcs_78,1
jrrfs_det_make_lbcs_08,1
jrrfs_det_make_lbcs_52,1
jrrfs_det_make_lbcs_58,1
jrrfs_det_make_lbcs_61,1
jrrfs_det_make_lbcs_68,1
jrrfs_det_make_lbcs_54,1
jrrfs_det_make_lbcs_71,1
jrrfs_det_make_lbcs_57,1
jrrfs_det_make_lbcs_27,1
jrrfs_det_make_lbcs_36,1
jrrfs_det_make_lbcs_10,1
jrrfs_det_make_lbcs_66,1
jrrfs_det_make_lbcs_20,1
jrrfs_det_make_lbcs_46,1
jrrfs_det_make_lbcs_45,1
jrrfs_det_make_lbcs_00,1
jrrfs_det_make_lbcs_44,1
jrrfs_det_make_lbcs_35,1
jrrfs_det_make_lbcs_73,1
jrrfs_det_make_lbcs_49,1
jrrfs_det_make_lbcs_40,1
jrrfs_det_make_lbcs_22,1
jrrfs_det_make_lbcs_38,1
jrrfs_det_make_lbcs_51,1
jrrfs_det_make_lbcs_63,1
jrrfs_det_make_lbcs_33,1
jrrfs_det_make_lbcs_04,1
jrrfs_det_make_lbcs_74,1
jrrfs_det_make_lbcs_77,1
jrrfs_det_make_lbcs_02,1
jrrfs_det_make_lbcs_64,1
jrrfs_det_make_lbcs_24,1
jrrfs_det_make_lbcs_26,1
jrrfs_det_make_lbcs_31,1
jrrfs_det_make_lbcs_01,1
jrrfs_det_make_lbcs_70,1
jrrfs_det_make_lbcs_12,1
jrrfs_det_make_lbcs_80,1
jrrfs_det_make_lbcs_37,1
jrrfs_det_make_lbcs_03,1
jrrfs_det_make_lbcs_29,1
jrrfs_det_make_lbcs_15,1
jrrfs_det_make_lbcs_65,1
jrrfs_det_make_lbcs_09,1
jrrfs_det_make_lbcs_48,1
jrrfs_det_make_lbcs_05,1
jrrfs_det_make_lbcs_30,1
jrrfs_det_make_lbcs_11,1
jrrfs_det_make_lbcs_16,1
jrrfs_det_make_lbcs_42,1
jrrfs_det_make_lbcs_23,1
jrrfs_det_make_lbcs_50,1
jrrfs_det_make_lbcs_13,1
jrrfs_det_make_lbcs_56,1
jrrfs_det_make_lbcs_47,1
jrrfs_det_make_lbcs_34,1
jrrfs_det_make_lbcs_62,1
jrrfs_det_make_lbcs_67,1
jrrfs_det_make_lbcs_39,1
jrrfs_det_make_lbcs_32,1
jrrfs_det_make_lbcs_84,1
jrrfs_det_make_lbcs_07,1
jrrfs_det_make_lbcs_21,1
jrrfs_det_make_lbcs_25,1
jrrfs_det_make_lbcs_06,1
jrrfs_det_make_lbcs_82,1
jrrfs_det_make_lbcs_75,1
jrrfs_det_make_lbcs_17,1
jrrfs_det_make_lbcs_14,1
jrrfs_det_make_lbcs_41,1
jrrfs_det_make_lbcs_69,1
jrrfs_enkf_process_lightning_spinup,1
jrrfs_enkf_process_bufr_spinup,1
jrrfs_enkf_process_radar,1
jrrfs_enkf_process_lightning,1
jrrfs_enkf_process_bufr,1
jrrfs_enkf_process_radar_spinup,1
jrrfs_det_process_bufr,1
jrrfs_det_process_lightning_spinup,1
jrrfs_det_process_smoke,1
jrrfs_det_process_lightning,1
jrrfs_det_process_bufr_spinup,1
jrrfs_det_process_radar,1
jrrfs_det_process_radar_spinup,1
jrrfs_det_process_smoke_spinup,1
jrrfs_ensf_post_mem002_f060,4
jrrfs_ensf_post_mem003_f057,4
jrrfs_ensf_post_mem003_f017,4
jrrfs_ensf_post_mem005_f007,4
jrrfs_ensf_post_mem001_f037,4
jrrfs_ensf_post_mem004_f018,4
jrrfs_ensf_post_mem003_f040,4
jrrfs_ensf_post_mem001_f026,4
jrrfs_ensf_post_mem002_f021,4
jrrfs_ensf_post_mem005_f010,4
jrrfs_ensf_post_mem005_f045,4
jrrfs_ensf_post_mem005_f056,4
jrrfs_ensf_post_mem001_f038,4
jrrfs_ensf_post_mem005_f059,4
jrrfs_ensf_post_mem002_f041,4
jrrfs_ensf_post_mem004_f032,4
jrrfs_ensf_post_mem002_f026,4
jrrfs_ensf_post_mem005_f053,4
jrrfs_ensf_post_mem001_f015,4
jrrfs_ensf_post_mem004_f048,4
jrrfs_ensf_post_mem004_f057,4
jrrfs_ensf_post_mem002_f038,4
jrrfs_ensf_post_mem003_f028,4
jrrfs_ensf_post_mem003_f004,4
jrrfs_ensf_post_mem001_f048,4
jrrfs_ensf_post_mem005_f058,4
jrrfs_ensf_post_mem002_f018,4
jrrfs_ensf_post_mem003_f027,4
jrrfs_ensf_post_mem005_f018,4
jrrfs_ensf_post_mem001_f018,4
jrrfs_ensf_post_mem003_f008,4
jrrfs_ensf_post_mem005_f005,4
jrrfs_ensf_post_mem004_f051,4
jrrfs_ensf_post_mem001_f011,4
jrrfs_ensf_post_mem003_f018,4
jrrfs_ensf_post_mem004_f013,4
jrrfs_ensf_post_mem001_f058,4
jrrfs_ensf_post_mem004_f014,4
jrrfs_ensf_post_mem001_f000,4
jrrfs_ensf_post_mem002_f054,4
jrrfs_ensf_post_mem002_f002,4
jrrfs_ensf_post_mem002_f034,4
jrrfs_ensf_post_mem002_f024,4
jrrfs_ensf_post_mem001_f024,4
jrrfs_ensf_post_mem004_f060,4
jrrfs_ensf_post_mem002_f056,4
jrrfs_ensf_post_mem005_f040,4
jrrfs_ensf_post_mem005_f027,4
jrrfs_ensf_post_mem004_f035,4
jrrfs_ensf_post_mem002_f006,4
jrrfs_ensf_post_mem003_f005,4
jrrfs_ensf_post_mem002_f022,4
jrrfs_ensf_post_mem005_f038,4
jrrfs_ensf_post_mem002_f046,4
jrrfs_ensf_post_mem002_f049,4
jrrfs_ensf_post_mem004_f006,4
jrrfs_ensf_post_mem004_f047,4
jrrfs_ensf_post_mem003_f013,4
jrrfs_ensf_post_mem002_f053,4
jrrfs_ensf_post_mem001_f036,4
jrrfs_ensf_post_mem005_f019,4
jrrfs_ensf_post_mem003_f030,4
jrrfs_ensf_post_mem001_f007,4
jrrfs_ensf_post_mem001_f047,4
jrrfs_ensf_post_mem005_f014,4
jrrfs_ensf_post_mem004_f028,4
jrrfs_ensf_post_mem005_f002,4
jrrfs_ensf_post_mem003_f045,4
jrrfs_ensf_post_mem002_f001,4
jrrfs_ensf_post_mem003_f059,4
jrrfs_ensf_post_mem005_f047,4
jrrfs_ensf_post_mem001_f041,4
jrrfs_ensf_post_mem004_f054,4
jrrfs_ensf_post_mem005_f017,4
jrrfs_ensf_post_mem005_f060,4
jrrfs_ensf_post_mem003_f044,4
jrrfs_ensf_post_mem005_f004,4
jrrfs_ensf_post_mem001_f028,4
jrrfs_ensf_post_mem001_f031,4
jrrfs_ensf_post_mem003_f000,4
jrrfs_ensf_post_mem004_f037,4
jrrfs_ensf_post_mem005_f036,4
jrrfs_ensf_post_mem003_f010,4
jrrfs_ensf_post_mem001_f035,4
jrrfs_ensf_post_mem002_f014,4
jrrfs_ensf_post_mem001_f051,4
jrrfs_ensf_post_mem003_f031,4
jrrfs_ensf_post_mem005_f041,4
jrrfs_ensf_post_mem003_f058,4
jrrfs_ensf_post_mem002_f045,4
jrrfs_ensf_post_mem005_f028,4
jrrfs_ensf_post_mem001_f014,4
jrrfs_ensf_post_mem004_f050,4
jrrfs_ensf_post_mem004_f031,4
jrrfs_ensf_post_mem002_f013,4
jrrfs_ensf_post_mem004_f016,4
jrrfs_ensf_post_mem001_f060,4
jrrfs_ensf_post_mem002_f016,4
jrrfs_ensf_post_mem001_f059,4
jrrfs_ensf_post_mem004_f015,4
jrrfs_ensf_post_mem002_f017,4
jrrfs_ensf_post_mem001_f032,4
jrrfs_ensf_post_mem001_f004,4
jrrfs_ensf_post_mem002_f012,4
jrrfs_ensf_post_mem004_f017,4
jrrfs_ensf_post_mem005_f042,4
jrrfs_ensf_post_mem002_f027,4
jrrfs_ensf_post_mem001_f009,4
jrrfs_ensf_post_mem003_f049,4
jrrfs_ensf_post_mem002_f008,4
jrrfs_ensf_post_mem005_f051,4
jrrfs_ensf_post_mem005_f003,4
jrrfs_ensf_post_mem002_f015,4
jrrfs_ensf_post_mem004_f024,4
jrrfs_ensf_post_mem001_f025,4
jrrfs_ensf_post_mem001_f055,4
jrrfs_ensf_post_mem003_f050,4
jrrfs_ensf_post_mem004_f022,4
jrrfs_ensf_post_mem004_f020,4
jrrfs_ensf_post_mem001_f001,4
jrrfs_ensf_post_mem002_f010,4
jrrfs_ensf_post_mem002_f043,4
jrrfs_ensf_post_mem002_f025,4
jrrfs_ensf_post_mem001_f027,4
jrrfs_ensf_post_mem003_f036,4
jrrfs_ensf_post_mem001_f057,4
jrrfs_ensf_post_mem005_f008,4
jrrfs_ensf_post_mem003_f052,4
jrrfs_ensf_post_mem002_f052,4
jrrfs_ensf_post_mem005_f054,4
jrrfs_ensf_post_mem004_f009,4
jrrfs_ensf_post_mem003_f056,4
jrrfs_ensf_post_mem001_f046,4
jrrfs_ensf_post_mem003_f006,4
jrrfs_ensf_post_mem003_f047,4
jrrfs_ensf_post_mem003_f051,4
jrrfs_ensf_post_mem001_f054,4
jrrfs_ensf_post_mem005_f039,4
jrrfs_ensf_post_mem001_f052,4
jrrfs_ensf_post_mem005_f024,4
jrrfs_ensf_post_mem003_f021,4
jrrfs_ensf_post_mem002_f020,4
jrrfs_ensf_post_mem005_f023,4
jrrfs_ensf_post_mem004_f002,4
jrrfs_ensf_post_mem004_f027,4
jrrfs_ensf_post_mem002_f059,4
jrrfs_ensf_post_mem005_f043,4
jrrfs_ensf_post_mem005_f049,4
jrrfs_ensf_post_mem004_f008,4
jrrfs_ensf_post_mem002_f019,4
jrrfs_ensf_post_mem002_f005,4
jrrfs_ensf_post_mem003_f060,4
jrrfs_ensf_post_mem003_f029,4
jrrfs_ensf_post_mem005_f046,4
jrrfs_ensf_post_mem002_f009,4
jrrfs_ensf_post_mem001_f050,4
jrrfs_ensf_post_mem002_f004,4
jrrfs_ensf_post_mem001_f053,4
jrrfs_ensf_post_mem005_f057,4
jrrfs_ensf_post_mem001_f044,4
jrrfs_ensf_post_mem004_f056,4
jrrfs_ensf_post_mem004_f053,4
jrrfs_ensf_post_mem002_f007,4
jrrfs_ensf_post_mem004_f046,4
jrrfs_ensf_post_mem004_f059,4
jrrfs_ensf_post_mem005_f050,4
jrrfs_ensf_post_mem001_f008,4
jrrfs_ensf_post_mem003_f014,4
jrrfs_ensf_post_mem003_f048,4
jrrfs_ensf_post_mem003_f025,4
jrrfs_ensf_post_mem003_f020,4
jrrfs_ensf_post_mem001_f043,4
jrrfs_ensf_post_mem001_f016,4
jrrfs_ensf_post_mem005_f000,4
jrrfs_ensf_post_mem001_f002,4
jrrfs_ensf_post_mem002_f048,4
jrrfs_ensf_post_mem005_f025,4
jrrfs_ensf_post_mem004_f036,4
jrrfs_ensf_post_mem004_f042,4
jrrfs_ensf_post_mem005_f034,4
jrrfs_ensf_post_mem003_f012,4
jrrfs_ensf_post_mem002_f035,4
jrrfs_ensf_post_mem003_f001,4
jrrfs_ensf_post_mem004_f029,4
jrrfs_ensf_post_mem001_f023,4
jrrfs_ensf_post_mem002_f023,4
jrrfs_ensf_post_mem002_f011,4
jrrfs_ensf_post_mem003_f034,4
jrrfs_ensf_post_mem005_f048,4
jrrfs_ensf_post_mem003_f054,4
jrrfs_ensf_post_mem005_f026,4
jrrfs_ensf_post_mem001_f003,4
jrrfs_ensf_post_mem004_f040,4
jrrfs_ensf_post_mem003_f019,4
jrrfs_ensf_post_mem001_f040,4
jrrfs_ensf_post_mem003_f023,4
jrrfs_ensf_post_mem004_f004,4
jrrfs_ensf_post_mem003_f041,4
jrrfs_ensf_post_mem003_f015,4
jrrfs_ensf_post_mem002_f042,4
jrrfs_ensf_post_mem003_f053,4
jrrfs_ensf_post_mem001_f010,4
jrrfs_ensf_post_mem003_f042,4
jrrfs_ensf_post_mem003_f032,4
jrrfs_ensf_post_mem001_f049,4
jrrfs_ensf_post_mem005_f032,4
jrrfs_ensf_post_mem003_f011,4
jrrfs_ensf_post_mem001_f033,4
jrrfs_ensf_post_mem004_f026,4
jrrfs_ensf_post_mem003_f007,4
jrrfs_ensf_post_mem005_f055,4
jrrfs_ensf_post_mem003_f035,4
jrrfs_ensf_post_mem004_f043,4
jrrfs_ensf_post_mem002_f030,4
jrrfs_ensf_post_mem004_f039,4
jrrfs_ensf_post_mem005_f029,4
jrrfs_ensf_post_mem004_f045,4
jrrfs_ensf_post_mem002_f031,4
jrrfs_ensf_post_mem005_f037,4
jrrfs_ensf_post_mem003_f037,4
jrrfs_ensf_post_mem003_f003,4
jrrfs_ensf_post_mem003_f038,4
jrrfs_ensf_post_mem005_f052,4
jrrfs_ensf_post_mem004_f044,4
jrrfs_ensf_post_mem004_f021,4
jrrfs_ensf_post_mem005_f015,4
jrrfs_ensf_post_mem002_f044,4
jrrfs_ensf_post_mem005_f044,4
jrrfs_ensf_post_mem004_f034,4
jrrfs_ensf_post_mem004_f012,4
jrrfs_ensf_post_mem002_f057,4
jrrfs_ensf_post_mem004_f023,4
jrrfs_ensf_post_mem005_f035,4
jrrfs_ensf_post_mem004_f003,4
jrrfs_ensf_post_mem001_f039,4
jrrfs_ensf_post_mem005_f020,4
jrrfs_ensf_post_mem003_f022,4
jrrfs_ensf_post_mem001_f056,4
jrrfs_ensf_post_mem003_f009,4
jrrfs_ensf_post_mem005_f012,4
jrrfs_ensf_post_mem005_f022,4
jrrfs_ensf_post_mem001_f006,4
jrrfs_ensf_post_mem004_f005,4
jrrfs_ensf_post_mem004_f007,4
jrrfs_ensf_post_mem004_f058,4
jrrfs_ensf_post_mem002_f040,4
jrrfs_ensf_post_mem003_f002,4
jrrfs_ensf_post_mem002_f050,4
jrrfs_ensf_post_mem002_f039,4
jrrfs_ensf_post_mem002_f032,4
jrrfs_ensf_post_mem001_f029,4
jrrfs_ensf_post_mem002_f003,4
jrrfs_ensf_post_mem005_f033,4
jrrfs_ensf_post_mem003_f033,4
jrrfs_ensf_post_mem005_f031,4
jrrfs_ensf_post_mem004_f038,4
jrrfs_ensf_post_mem001_f013,4
jrrfs_ensf_post_mem004_f052,4
jrrfs_ensf_post_mem002_f000,4
jrrfs_ensf_post_mem002_f047,4
jrrfs_ensf_post_mem001_f019,4
jrrfs_ensf_post_mem004_f001,4
jrrfs_ensf_post_mem004_f055,4
jrrfs_ensf_post_mem004_f011,4
jrrfs_ensf_post_mem005_f016,4
jrrfs_ensf_post_mem005_f011,4
jrrfs_ensf_post_mem005_f009,4
jrrfs_ensf_post_mem004_f041,4
jrrfs_ensf_post_mem004_f000,4
jrrfs_ensf_post_mem003_f026,4
jrrfs_ensf_post_mem003_f024,4
jrrfs_ensf_post_mem004_f030,4
jrrfs_ensf_post_mem004_f049,4
jrrfs_ensf_post_mem005_f006,4
jrrfs_ensf_post_mem001_f021,4
jrrfs_ensf_post_mem002_f029,4
jrrfs_ensf_post_mem001_f017,4
jrrfs_ensf_post_mem002_f036,4
jrrfs_ensf_post_mem002_f058,4
jrrfs_ensf_post_mem005_f021,4
jrrfs_ensf_post_mem001_f042,4
jrrfs_ensf_post_mem003_f055,4
jrrfs_ensf_post_mem001_f020,4
jrrfs_ensf_post_mem003_f016,4
jrrfs_ensf_post_mem001_f022,4
jrrfs_ensf_post_mem003_f039,4
jrrfs_ensf_post_mem002_f055,4
jrrfs_ensf_post_mem003_f046,4
jrrfs_ensf_post_mem001_f005,4
jrrfs_ensf_post_mem005_f013,4
jrrfs_ensf_post_mem002_f033,4
jrrfs_ensf_post_mem001_f034,4
jrrfs_ensf_post_mem005_f030,4
jrrfs_ensf_post_mem004_f019,4
jrrfs_ensf_post_mem005_f001,4
jrrfs_ensf_post_mem001_f030,4
jrrfs_ensf_post_mem001_f045,4
jrrfs_ensf_post_mem002_f037,4
jrrfs_ensf_post_mem001_f012,4
jrrfs_ensf_post_mem003_f043,4
jrrfs_ensf_post_mem002_f028,4
jrrfs_ensf_post_mem004_f033,4
jrrfs_ensf_post_mem002_f051,4
jrrfs_ensf_post_mem004_f010,4
jrrfs_ensf_post_mem004_f025,4
jrrfs_firewx_post_f016,2
jrrfs_firewx_post_f018,2
jrrfs_firewx_post_f035,2
jrrfs_firewx_post_f029,2
jrrfs_firewx_post_f007,2
jrrfs_firewx_post_f014,2
jrrfs_firewx_post_f026,2
jrrfs_firewx_post_f004,2
jrrfs_firewx_post_f023,2
jrrfs_firewx_post_f031,2
jrrfs_firewx_post_f021,2
jrrfs_firewx_post_f011,2
jrrfs_firewx_post_f033,2
jrrfs_firewx_post_f020,2
jrrfs_firewx_post_f030,2
jrrfs_firewx_post_f012,2
jrrfs_firewx_post_f032,2
jrrfs_firewx_post_f013,2
jrrfs_firewx_post_f019,2
jrrfs_firewx_post_f009,2
jrrfs_firewx_post_f008,2
jrrfs_firewx_post_f028,2
jrrfs_firewx_post_f022,2
jrrfs_firewx_post_f027,2
jrrfs_firewx_post_f002,2
jrrfs_firewx_post_f017,2
jrrfs_firewx_post_f036,2
jrrfs_firewx_post_f003,2
jrrfs_firewx_post_f015,2
jrrfs_firewx_post_f034,2
jrrfs_firewx_post_f010,2
jrrfs_firewx_post_f024,2
jrrfs_firewx_post_f001,2
jrrfs_firewx_post_f006,2
jrrfs_firewx_post_f005,2
jrrfs_firewx_post_f000,2
jrrfs_firewx_post_f025,2
jrrfs_det_post_f008_45_00,4
jrrfs_det_post_f010_30_00_long,4
jrrfs_det_post_f000_00_36_long,4
jrrfs_det_post_f015_00_00_long,4
jrrfs_det_post_f061_00_00_long,4
jrrfs_det_post_f012_30_00,4
jrrfs_det_post_f005_15_00,4
jrrfs_det_post_f011_30_00,4
jrrfs_det_post_f017_30_00,4
jrrfs_det_post_f012_00_00,4
jrrfs_det_post_f007_30_00,4
jrrfs_det_post_f004_45_00,4
jrrfs_det_post_f081_00_00_long,4
jrrfs_det_post_f002_30_00,4
jrrfs_det_post_f073_00_00_long,4
jrrfs_det_post_f009_45_00,4
jrrfs_det_post_f019_00_00_long,4
jrrfs_det_post_f035_00_00_long,4
jrrfs_det_post_f003_30_00_long,4
jrrfs_det_post_f063_00_00_long,4
jrrfs_det_post_f034_00_00_long,4
jrrfs_det_post_f028_00_00_long,4
jrrfs_det_post_f001_45_00,4
jrrfs_det_post_f016_30_00_long,4
jrrfs_det_post_f002_00_00_long,4
jrrfs_det_post_f012_45_00,4
jrrfs_det_post_f020_00_00_long,4
jrrfs_det_post_f008_00_00,4
jrrfs_det_post_f011_00_00_long,4
jrrfs_det_post_f076_00_00_long,4
jrrfs_det_post_f000_15_00_long,4
jrrfs_det_post_f033_00_00_long,4
jrrfs_det_post_f069_00_00_long,4
jrrfs_det_post_f003_00_00,4
jrrfs_det_post_f065_00_00_long,4
jrrfs_det_post_f005_30_00_long,4
jrrfs_det_post_f000_00_36,4
jrrfs_det_post_f017_00_00_long,4
jrrfs_det_post_f014_15_00,4
jrrfs_det_post_f001_30_00_long,4
jrrfs_det_post_f006_15_00,4
jrrfs_det_post_f002_15_00_long,4
jrrfs_det_post_f012_15_00_long,4
jrrfs_det_post_f023_00_00_long,4
jrrfs_det_post_f084_00_00_long,4
jrrfs_det_post_f000_30_00,4
jrrfs_det_post_f016_00_00,4
jrrfs_det_post_f017_45_00,4
jrrfs_det_post_f041_00_00_long,4
jrrfs_det_post_f032_00_00_long,4
jrrfs_det_post_f013_30_00_long,4
jrrfs_det_post_f008_30_00,4
jrrfs_det_post_f070_00_00_long,4
jrrfs_det_post_f025_00_00_long,4
jrrfs_det_post_f014_30_00_long,4
jrrfs_det_post_f029_00_00_long,4
jrrfs_det_post_f004_15_00,4
jrrfs_det_post_f009_15_00_long,4
jrrfs_det_post_f002_45_00_long,4
jrrfs_det_post_f014_30_00,4
jrrfs_det_post_f014_00_00,4
jrrfs_det_post_f062_00_00_long,4
jrrfs_det_post_f053_00_00_long,4
jrrfs_det_post_f074_00_00_long,4
jrrfs_det_post_f013_00_00_long,4
jrrfs_det_post_f044_00_00_long,4
jrrfs_det_post_f075_00_00_long,4
jrrfs_det_post_f011_45_00_long,4
jrrfs_det_post_f010_30_00,4
jrrfs_det_post_f007_45_00,4
jrrfs_det_post_f072_00_00_long,4
jrrfs_det_post_f082_00_00_long,4
jrrfs_det_post_f001_15_00_long,4
jrrfs_det_post_f046_00_00_long,4
jrrfs_det_post_f047_00_00_long,4
jrrfs_det_post_f008_30_00_long,4
jrrfs_det_post_f005_45_00_long,4
jrrfs_det_post_f011_15_00_long,4
jrrfs_det_post_f068_00_00_long,4
jrrfs_det_post_f011_45_00,4
jrrfs_det_post_f018_00_00,4
jrrfs_det_post_f040_00_00_long,4
jrrfs_det_post_f012_00_00_long,4
jrrfs_det_post_f017_00_00,4
jrrfs_det_post_f016_30_00,4
jrrfs_det_post_f002_30_00_long,4
jrrfs_det_post_f043_00_00_long,4
jrrfs_det_post_f045_00_00_long,4
jrrfs_det_post_f005_30_00,4
jrrfs_det_post_f001_30_00,4
jrrfs_det_post_f003_45_00_long,4
jrrfs_det_post_f038_00_00_long,4
jrrfs_det_post_f012_15_00,4
jrrfs_det_post_f055_00_00_long,4
jrrfs_det_post_f007_45_00_long,4
jrrfs_det_post_f021_00_00_long,4
jrrfs_det_post_f015_30_00_long,4
jrrfs_det_post_f013_45_00_long,4
jrrfs_det_post_f014_00_00_long,4
jrrfs_det_post_f015_45_00_long,4
jrrfs_det_post_f059_00_00_long,4
jrrfs_det_post_f015_00_00,4
jrrfs_det_post_f050_00_00_long,4
jrrfs_det_post_f048_00_00_long,4
jrrfs_det_post_f006_45_00_long,4
jrrfs_det_post_f002_15_00,4
jrrfs_det_post_f017_15_00,4
jrrfs_det_post_f014_45_00_long,4
jrrfs_det_post_f006_45_00,4
jrrfs_det_post_f011_30_00_long,4
jrrfs_det_post_f018_00_00_long,4
jrrfs_det_post_f006_15_00_long,4
jrrfs_det_post_f015_15_00,4
jrrfs_det_post_f004_15_00_long,4
jrrfs_det_post_f015_45_00,4
jrrfs_det_post_f057_00_00_long,4
jrrfs_det_post_f006_00_00,4
jrrfs_det_post_f011_15_00,4
jrrfs_det_post_f010_00_00,4
jrrfs_det_post_f013_00_00,4
jrrfs_det_post_f005_00_00_long,4
jrrfs_det_post_f015_30_00,4
jrrfs_det_post_f012_30_00_long,4
jrrfs_det_post_f010_15_00_long,4
jrrfs_det_post_f003_45_00,4
jrrfs_det_post_f079_00_00_long,4
jrrfs_det_post_f000_45_00_long,4
jrrfs_det_post_f011_00_00,4
jrrfs_det_post_f004_30_00,4
jrrfs_det_post_f009_30_00,4
jrrfs_det_post_f078_00_00_long,4
jrrfs_det_post_f080_00_00_long,4
jrrfs_det_post_f026_00_00_long,4
jrrfs_det_post_f017_30_00_long,4
jrrfs_det_post_f009_30_00_long,4
jrrfs_det_post_f077_00_00_long,4
jrrfs_det_post_f005_15_00_long,4
jrrfs_det_post_f013_30_00,4
jrrfs_det_post_f007_00_00,4
jrrfs_det_post_f000_30_00_long,4
jrrfs_det_post_f005_00_00,4
jrrfs_det_post_f006_00_00_long,4
jrrfs_det_post_f001_45_00_long,4
jrrfs_det_post_f010_45_00,4
jrrfs_det_post_f003_15_00_long,4
jrrfs_det_post_f001_00_00_long,4
jrrfs_det_post_f016_45_00,4
jrrfs_det_post_f003_00_00_long,4
jrrfs_det_post_f014_15_00_long,4
jrrfs_det_post_f004_30_00_long,4
jrrfs_det_post_f067_00_00_long,4
jrrfs_det_post_f009_00_00_long,4
jrrfs_det_post_f008_00_00_long,4
jrrfs_det_post_f052_00_00_long,4
jrrfs_det_post_f010_15_00,4
jrrfs_det_post_f009_00_00,4
jrrfs_det_post_f030_00_00_long,4
jrrfs_det_post_f007_30_00_long,4
jrrfs_det_post_f036_00_00_long,4
jrrfs_det_post_f003_15_00,4
jrrfs_det_post_f083_00_00_long,4
jrrfs_det_post_f066_00_00_long,4
jrrfs_det_post_f014_45_00,4
jrrfs_det_post_f016_45_00_long,4
jrrfs_det_post_f017_15_00_long,4
jrrfs_det_post_f058_00_00_long,4
jrrfs_det_post_f006_30_00,4
jrrfs_det_post_f007_15_00_long,4
jrrfs_det_post_f056_00_00_long,4
jrrfs_det_post_f012_45_00_long,4
jrrfs_det_post_f004_00_00,4
jrrfs_det_post_f010_45_00_long,4
jrrfs_det_post_f001_15_00,4
jrrfs_det_post_f007_15_00,4
jrrfs_det_post_f010_00_00_long,4
jrrfs_det_post_f071_00_00_long,4
jrrfs_det_post_f001_00_00,4
jrrfs_det_post_f027_00_00_long,4
jrrfs_det_post_f009_45_00_long,4
jrrfs_det_post_f049_00_00_long,4
jrrfs_det_post_f009_15_00,4
jrrfs_det_post_f054_00_00_long,4
jrrfs_det_post_f002_45_00,4
jrrfs_det_post_f008_15_00_long,4
jrrfs_det_post_f022_00_00_long,4
jrrfs_det_post_f016_00_00_long,4
jrrfs_det_post_f060_00_00_long,4
jrrfs_det_post_f039_00_00_long,4
jrrfs_det_post_f016_15_00,4
jrrfs_det_post_f006_30_00_long,4
jrrfs_det_post_f000_15_00,4
jrrfs_det_post_f031_00_00_long,4
jrrfs_det_post_f064_00_00_long,4
jrrfs_det_post_f042_00_00_long,4
jrrfs_det_post_f016_15_00_long,4
jrrfs_det_post_f003_30_00,4
jrrfs_det_post_f004_45_00_long,4
jrrfs_det_post_f008_45_00_long,4
jrrfs_det_post_f002_00_00,4
jrrfs_det_post_f037_00_00_long,4
jrrfs_det_post_f051_00_00_long,4
jrrfs_det_post_f004_00_00_long,4
jrrfs_det_post_f007_00_00_long,4
jrrfs_det_post_f015_15_00_long,4
jrrfs_det_post_f008_15_00,4
jrrfs_det_post_f017_45_00_long,4
jrrfs_det_post_f013_45_00,4
jrrfs_det_post_f013_15_00,4
jrrfs_det_post_f013_15_00_long,4
jrrfs_det_post_f024_00_00_long,4
jrrfs_det_post_f005_45_00,4
jrrfs_det_post_f000_45_00,4
jrrfs_ensf_prep_cyc_mem003,1
jrrfs_ensf_prep_cyc_mem002,1
jrrfs_ensf_prep_cyc_mem004,1
jrrfs_ensf_prep_cyc_mem005,1
jrrfs_ensf_prep_cyc_mem001,1
jrrfs_enkf_prep_cyc_spinup_ensinit_mem017,1
jrrfs_enkf_prep_cyc_mem021,1
jrrfs_enkf_observer_gsi_ensmean,1
jrrfs_enkf_observer_gsi_spinup_mem028,1
jrrfs_enkf_prep_cyc_spinup_ensinit_mem001,1
jrrfs_enkf_prep_cyc_mem025,1
jrrfs_enkf_prep_cyc_spinup_mem027,1
jrrfs_enkf_prep_cyc_mem023,1
jrrfs_enkf_prep_cyc_spinup_mem008,1
jrrfs_enkf_prep_cyc_mem022,1
jrrfs_enkf_prep_cyc_spinup_mem020,1
jrrfs_enkf_observer_gsi_spinup_mem013,1
jrrfs_enkf_observer_gsi_spinup_mem023,1
jrrfs_enkf_observer_gsi_mem029,1
jrrfs_enkf_prep_cyc_spinup_ensinit_mem011,1
jrrfs_enkf_observer_gsi_mem014,1
jrrfs_enkf_prep_cyc_mem001,1
jrrfs_enkf_prep_cyc_mem002,1
jrrfs_enkf_observer_gsi_mem003,1
jrrfs_enkf_prep_cyc_spinup_ensinit_mem029,1
jrrfs_enkf_prep_cyc_spinup_mem001,1
jrrfs_enkf_observer_gsi_spinup_mem024,1
jrrfs_enkf_prep_cyc_spinup_ensinit_mem019,1
jrrfs_enkf_observer_gsi_mem008,1
jrrfs_enkf_prep_cyc_spinup_mem006,1
jrrfs_enkf_prep_cyc_spinup_mem012,1
jrrfs_enkf_prep_cyc_spinup_mem026,1
jrrfs_enkf_observer_gsi_mem023,1
jrrfs_enkf_observer_gsi_spinup_mem006,1
jrrfs_enkf_prep_cyc_spinup_mem005,1
jrrfs_enkf_prep_cyc_spinup_mem016,1
jrrfs_enkf_prep_cyc_spinup_mem018,1
jrrfs_enkf_observer_gsi_mem027,1
jrrfs_enkf_prep_cyc_mem013,1
jrrfs_enkf_prep_cyc_spinup_ensinit_mem030,1
jrrfs_enkf_observer_gsi_spinup_mem021,1
jrrfs_enkf_prep_cyc_spinup_ensinit_mem013,1
jrrfs_enkf_recenter_spinup,10
jrrfs_enkf_observer_gsi_spinup_mem025,1
jrrfs_enkf_observer_gsi_spinup_mem029,1
jrrfs_enkf_prep_cyc_mem014,1
jrrfs_enkf_prep_cyc_spinup_mem023,1
jrrfs_enkf_prep_cyc_spinup_ensmean,1
jrrfs_enkf_observer_gsi_spinup_mem019,1
jrrfs_enkf_observer_gsi_mem018,1
jrrfs_enkf_observer_gsi_mem010,1
jrrfs_enkf_prep_cyc_spinup_ensinit_mem027,1
jrrfs_enkf_prep_cyc_spinup_ensinit_mem004,1
jrrfs_enkf_prep_cyc_mem019,1
jrrfs_enkf_prep_cyc_spinup_ensinit_mem007,1
jrrfs_enkf_prep_cyc_mem009,1
jrrfs_enkf_observer_gsi_spinup_mem012,1
jrrfs_enkf_observer_gsi_mem028,1
jrrfs_enkf_prep_cyc_spinup_mem009,1
jrrfs_enkf_prep_cyc_spinup_ensinit_mem014,1
jrrfs_enkf_prep_cyc_spinup_mem017,1
jrrfs_enkf_prep_cyc_spinup_ensinit_mem005,1
jrrfs_enkf_prep_cyc_mem026,1
jrrfs_enkf_prep_cyc_spinup_mem022,1
jrrfs_enkf_prep_cyc_spinup_ensinit_mem012,1
jrrfs_enkf_prep_cyc_spinup_mem025,1
jrrfs_enkf_prep_cyc_spinup_mem007,1
jrrfs_enkf_observer_gsi_spinup_mem014,1
jrrfs_enkf_prep_cyc_spinup_ensinit_mem020,1
jrrfs_enkf_observer_gsi_mem017,1
jrrfs_enkf_observer_gsi_mem016,1
jrrfs_enkf_prep_cyc_spinup_mem029,1
jrrfs_enkf_observer_gsi_mem004,1
jrrfs_enkf_prep_cyc_mem007,1
jrrfs_enkf_prep_cyc_mem028,1
jrrfs_enkf_prep_cyc_spinup_mem019,1
jrrfs_enkf_prep_cyc_mem030,1
jrrfs_enkf_observer_gsi_spinup_mem030,1
jrrfs_enkf_prep_cyc_mem005,1
jrrfs_enkf_prep_cyc_spinup_ensinit_mem022,1
jrrfs_enkf_prep_cyc_mem017,1
jrrfs_enkf_prep_cyc_spinup_ensinit_mem025,1
jrrfs_enkf_prep_cyc_spinup_mem030,1
jrrfs_enkf_observer_gsi_spinup_mem020,1
jrrfs_enkf_observer_gsi_mem005,1
jrrfs_enkf_observer_gsi_mem019,1
jrrfs_enkf_observer_gsi_spinup_mem009,1
jrrfs_enkf_prep_cyc_spinup_ensinit_mem023,1
jrrfs_enkf_observer_gsi_spinup_mem001,1
jrrfs_enkf_prep_cyc_spinup_ensinit_mem002,1
jrrfs_enkf_prep_cyc_spinup_mem002,1
jrrfs_enkf_observer_gsi_spinup_mem005,1
jrrfs_enkf_prep_cyc_spinup_mem014,1
jrrfs_enkf_observer_gsi_mem006,1
jrrfs_enkf_observer_gsi_spinup_mem015,1
jrrfs_enkf_observer_gsi_mem021,1
jrrfs_enkf_observer_gsi_spinup_mem007,1
jrrfs_enkf_observer_gsi_spinup_mem018,1
jrrfs_enkf_prep_cyc_spinup_ensinit_mem028,1
jrrfs_enkf_observer_gsi_mem009,1
jrrfs_enkf_prep_cyc_mem012,1
jrrfs_enkf_prep_cyc_mem020,1
jrrfs_enkf_observer_gsi_mem002,1
jrrfs_enkf_observer_gsi_spinup_mem010,1
jrrfs_enkf_prep_cyc_spinup_mem013,1
jrrfs_enkf_observer_gsi_spinup_mem008,1
jrrfs_enkf_observer_gsi_mem026,1
jrrfs_enkf_prep_cyc_mem024,1
jrrfs_enkf_observer_gsi_spinup_mem022,1
jrrfs_enkf_prep_cyc_mem003,1
jrrfs_enkf_prep_cyc_mem016,1
jrrfs_enkf_observer_gsi_spinup_mem011,1
jrrfs_enkf_prep_cyc_spinup_ensinit_mem009,1
jrrfs_enkf_prep_cyc_mem015,1
jrrfs_enkf_observer_gsi_spinup_mem002,1
jrrfs_enkf_prep_cyc_mem011,1
jrrfs_enkf_prep_cyc_spinup_ensinit_mem008,1
jrrfs_enkf_observer_gsi_mem011,1
jrrfs_enkf_observer_gsi_ensmean_spinup,1
jrrfs_enkf_observer_gsi_spinup_mem026,1
jrrfs_enkf_prep_cyc_spinup_ensinit_mem006,1
jrrfs_enkf_prep_cyc_spinup_mem003,1
jrrfs_enkf_observer_gsi_mem001,1
jrrfs_enkf_prep_cyc_spinup_mem010,1
jrrfs_enkf_observer_gsi_mem007,1
jrrfs_enkf_prep_cyc_mem010,1
jrrfs_enkf_prep_cyc_mem027,1
jrrfs_enkf_observer_gsi_mem015,1
jrrfs_enkf_observer_gsi_spinup_mem016,1
jrrfs_enkf_prep_cyc_spinup_ensinit_mem021,1
jrrfs_enkf_prep_cyc_spinup_ensinit_mem003,1
jrrfs_enkf_prep_cyc_spinup_mem024,1
jrrfs_enkf_observer_gsi_mem012,1
jrrfs_enkf_prep_cyc_spinup_ensinit_mem026,1
jrrfs_enkf_prep_cyc_spinup_mem004,1
jrrfs_enkf_observer_gsi_mem030,1
jrrfs_enkf_observer_gsi_mem025,1
jrrfs_enkf_calc_ensmean_spinup,10
jrrfs_enkf_observer_gsi_spinup_mem027,1
jrrfs_enkf_calc_ensmean,10
jrrfs_enkf_observer_gsi_spinup_mem004,1
jrrfs_enkf_prep_cyc_spinup_mem028,1
jrrfs_enkf_observer_gsi_mem013,1
jrrfs_enkf_prep_cyc_mem018,1
jrrfs_enkf_prep_cyc_mem029,1
jrrfs_enkf_prep_cyc_spinup_ensinit_mem016,1
jrrfs_enkf_prep_cyc_spinup_mem015,1
jrrfs_enkf_prep_cyc_spinup_ensinit_mem010,1
jrrfs_enkf_observer_gsi_mem024,1
jrrfs_enkf_prep_cyc_mem008,1
jrrfs_enkf_observer_gsi_mem022,1
jrrfs_enkf_observer_gsi_spinup_mem017,1
jrrfs_enkf_prep_cyc_ensmean,1
jrrfs_enkf_prep_cyc_mem006,1
jrrfs_enkf_prep_cyc_spinup_mem021,1
jrrfs_enkf_prep_cyc_mem004,1
jrrfs_enkf_prep_cyc_spinup_ensinit_mem018,1
jrrfs_enkf_prep_cyc_spinup_ensinit_mem015,1
jrrfs_enkf_prep_cyc_spinup_mem011,1
jrrfs_enkf_observer_gsi_spinup_mem003,1
jrrfs_enkf_prep_cyc_spinup_ensinit_mem024,1
jrrfs_enkf_observer_gsi_mem020,1
jrrfs_det_prep_cyc_spinup,1
jrrfs_det_prep_cyc,1
jrrfs_ensf_prdgen_mem004_f015,1
jrrfs_ensf_prdgen_mem001_f049,1
jrrfs_ensf_prdgen_mem005_f027,1
jrrfs_ensf_prdgen_mem002_f016,1
jrrfs_ensf_prdgen_mem004_f033,1
jrrfs_ensf_prdgen_mem004_f051,1
jrrfs_ensf_prdgen_mem003_f044,1
jrrfs_ensf_prdgen_mem002_f002,1
jrrfs_ensf_prdgen_mem001_f007,1
jrrfs_ensf_prdgen_mem001_f042,1
jrrfs_ensf_prdgen_mem003_f005,1
jrrfs_ensf_prdgen_mem004_f025,1
jrrfs_ensf_prdgen_mem005_f017,1
jrrfs_ensf_prdgen_mem005_f051,1
jrrfs_ensf_prdgen_mem004_f036,1
jrrfs_ensf_prdgen_mem001_f052,1
jrrfs_ensf_prdgen_mem002_f018,1
jrrfs_ensf_prdgen_mem002_f041,1
jrrfs_ensf_prdgen_mem001_f001,1
jrrfs_ensf_prdgen_mem003_f060,1
jrrfs_ensf_prdgen_mem001_f043,1
jrrfs_ensf_prdgen_mem001_f034,1
jrrfs_ensf_prdgen_mem004_f031,1
jrrfs_ensf_prdgen_mem005_f021,1
jrrfs_ensf_prdgen_mem001_f050,1
jrrfs_ensf_prdgen_mem003_f035,1
jrrfs_ensf_prdgen_mem005_f043,1
jrrfs_ensf_prdgen_mem002_f009,1
jrrfs_ensf_prdgen_mem004_f039,1
jrrfs_ensf_prdgen_mem003_f030,1
jrrfs_ensf_prdgen_mem002_f035,1
jrrfs_ensf_prdgen_mem002_f014,1
jrrfs_ensf_prdgen_mem002_f030,1
jrrfs_ensf_prdgen_mem004_f037,1
jrrfs_ensf_prdgen_mem004_f053,1
jrrfs_ensf_prdgen_mem003_f054,1
jrrfs_ensf_prdgen_mem003_f004,1
jrrfs_ensf_prdgen_mem003_f058,1
jrrfs_ensf_prdgen_mem001_f044,1
jrrfs_ensf_prdgen_mem005_f041,1
jrrfs_ensf_prdgen_mem005_f006,1
jrrfs_ensf_prdgen_mem001_f058,1
jrrfs_ensf_prdgen_mem004_f002,1
jrrfs_ensf_prdgen_mem004_f018,1
jrrfs_ensf_prdgen_mem002_f027,1
jrrfs_ensf_prdgen_mem005_f011,1
jrrfs_ensf_prdgen_mem001_f005,1
jrrfs_ensf_prdgen_mem001_f017,1
jrrfs_ensf_prdgen_mem001_f035,1
jrrfs_ensf_prdgen_mem002_f017,1
jrrfs_ensf_prdgen_mem003_f034,1
jrrfs_ensf_prdgen_mem005_f007,1
jrrfs_ensf_prdgen_mem004_f054,1
jrrfs_ensf_prdgen_mem005_f019,1
jrrfs_ensf_prdgen_mem003_f027,1
jrrfs_ensf_prdgen_mem005_f004,1
jrrfs_ensf_prdgen_mem005_f024,1
jrrfs_ensf_prdgen_mem001_f032,1
jrrfs_ensf_prdgen_mem005_f037,1
jrrfs_ensf_prdgen_mem001_f022,1
jrrfs_ensf_prdgen_mem003_f033,1
jrrfs_ensf_prdgen_mem003_f023,1
jrrfs_ensf_prdgen_mem004_f009,1
jrrfs_ensf_prdgen_mem002_f055,1
jrrfs_ensf_prdgen_mem005_f048,1
jrrfs_ensf_prdgen_mem003_f049,1
jrrfs_ensf_prdgen_mem001_f024,1
jrrfs_ensf_prdgen_mem004_f041,1
jrrfs_ensf_prdgen_mem002_f003,1
jrrfs_ensf_prdgen_mem002_f045,1
jrrfs_ensf_prdgen_mem003_f050,1
jrrfs_ensf_prdgen_mem004_f028,1
jrrfs_ensf_prdgen_mem004_f044,1
jrrfs_ensf_prdgen_mem003_f037,1
jrrfs_ensf_prdgen_mem001_f027,1
jrrfs_ensf_prdgen_mem004_f005,1
jrrfs_ensf_prdgen_mem002_f039,1
jrrfs_ensf_prdgen_mem003_f013,1
jrrfs_ensf_prdgen_mem001_f040,1
jrrfs_ensf_prdgen_mem001_f013,1
jrrfs_ensf_prdgen_mem002_f000,1
jrrfs_ensf_prdgen_mem003_f012,1
jrrfs_ensf_prdgen_mem002_f043,1
jrrfs_ensf_prdgen_mem004_f027,1
jrrfs_ensf_prdgen_mem001_f026,1
jrrfs_ensf_prdgen_mem002_f026,1
jrrfs_ensf_prdgen_mem004_f019,1
jrrfs_ensf_prdgen_mem002_f036,1
jrrfs_ensf_prdgen_mem004_f048,1
jrrfs_ensf_prdgen_mem002_f053,1
jrrfs_ensf_prdgen_mem004_f017,1
jrrfs_ensf_prdgen_mem001_f012,1
jrrfs_ensf_prdgen_mem003_f010,1
jrrfs_ensf_prdgen_mem001_f018,1
jrrfs_ensf_prdgen_mem005_f023,1
jrrfs_ensf_prdgen_mem005_f009,1
jrrfs_ensf_prdgen_mem002_f022,1
jrrfs_ensf_prdgen_mem003_f000,1
jrrfs_ensf_prdgen_mem004_f010,1
jrrfs_ensf_prdgen_mem005_f015,1
jrrfs_ensf_prdgen_mem002_f013,1
jrrfs_ensf_prdgen_mem002_f060,1
jrrfs_ensf_prdgen_mem004_f043,1
jrrfs_ensf_prdgen_mem003_f055,1
jrrfs_ensf_prdgen_mem005_f028,1
jrrfs_ensf_prdgen_mem001_f020,1
jrrfs_ensf_prdgen_mem002_f001,1
jrrfs_ensf_prdgen_mem002_f032,1
jrrfs_ensf_prdgen_mem003_f053,1
jrrfs_ensf_prdgen_mem003_f039,1
jrrfs_ensf_prdgen_mem002_f034,1
jrrfs_ensf_prdgen_mem005_f057,1
jrrfs_ensf_prdgen_mem003_f009,1
jrrfs_ensf_prdgen_mem005_f054,1
jrrfs_ensf_prdgen_mem001_f015,1
jrrfs_ensf_prdgen_mem001_f037,1
jrrfs_ensf_prdgen_mem002_f042,1
jrrfs_ensf_prdgen_mem004_f057,1
jrrfs_ensf_prdgen_mem004_f030,1
jrrfs_ensf_prdgen_mem004_f016,1
jrrfs_ensf_prdgen_mem002_f021,1
jrrfs_ensf_prdgen_mem001_f056,1
jrrfs_ensf_prdgen_mem001_f030,1
jrrfs_ensf_prdgen_mem004_f011,1
jrrfs_ensf_prdgen_mem002_f019,1
jrrfs_ensf_prdgen_mem003_f017,1
jrrfs_ensf_prdgen_mem001_f031,1
jrrfs_ensf_prdgen_mem005_f060,1
jrrfs_ensf_prdgen_mem005_f053,1
jrrfs_ensf_prdgen_mem002_f052,1
jrrfs_ensf_prdgen_mem001_f003,1
jrrfs_ensf_prdgen_mem003_f002,1
jrrfs_ensf_prdgen_mem002_f049,1
jrrfs_ensf_prdgen_mem001_f023,1
jrrfs_ensf_prdgen_mem004_f000,1
jrrfs_ensf_prdgen_mem003_f032,1
jrrfs_ensf_prdgen_mem004_f026,1
jrrfs_ensf_prdgen_mem005_f030,1
jrrfs_ensf_prdgen_mem003_f040,1
jrrfs_ensf_prdgen_mem005_f034,1
jrrfs_ensf_prdgen_mem003_f018,1
jrrfs_ensf_prdgen_mem002_f025,1
jrrfs_ensf_prdgen_mem005_f036,1
jrrfs_ensf_prdgen_mem002_f048,1
jrrfs_ensf_prdgen_mem003_f056,1
jrrfs_ensf_prdgen_mem004_f035,1
jrrfs_ensf_prdgen_mem002_f044,1
jrrfs_ensf_prdgen_mem001_f011,1
jrrfs_ensf_prdgen_mem004_f042,1
jrrfs_ensf_prdgen_mem001_f051,1
jrrfs_ensf_prdgen_mem003_f048,1
jrrfs_ensf_prdgen_mem005_f020,1
jrrfs_ensf_prdgen_mem003_f022,1
jrrfs_ensf_prdgen_mem001_f055,1
jrrfs_ensf_prdgen_mem005_f010,1
jrrfs_ensf_prdgen_mem004_f004,1
jrrfs_ensf_prdgen_mem004_f014,1
jrrfs_ensf_prdgen_mem005_f050,1
jrrfs_ensf_prdgen_mem002_f010,1
jrrfs_ensf_prdgen_mem003_f045,1
jrrfs_ensf_prdgen_mem004_f007,1
jrrfs_ensf_prdgen_mem001_f016,1
jrrfs_ensf_prdgen_mem003_f043,1
jrrfs_ensf_prdgen_mem005_f052,1
jrrfs_ensf_prdgen_mem002_f005,1
jrrfs_ensf_prdgen_mem001_f045,1
jrrfs_ensf_prdgen_mem002_f058,1
jrrfs_ensf_prdgen_mem001_f036,1
jrrfs_ensf_prdgen_mem003_f014,1
jrrfs_ensf_prdgen_mem005_f058,1
jrrfs_ensf_prdgen_mem004_f060,1
jrrfs_ensf_prdgen_mem005_f031,1
jrrfs_ensf_prdgen_mem004_f022,1
jrrfs_ensf_prdgen_mem003_f036,1
jrrfs_ensf_prdgen_mem001_f038,1
jrrfs_ensf_prdgen_mem003_f024,1
jrrfs_ensf_prdgen_mem005_f047,1
jrrfs_ensf_prdgen_mem001_f000,1
jrrfs_ensf_prdgen_mem001_f006,1
jrrfs_ensf_prdgen_mem003_f008,1
jrrfs_ensf_prdgen_mem002_f057,1
jrrfs_ensf_prdgen_mem005_f042,1
jrrfs_ensf_prdgen_mem002_f029,1
jrrfs_ensf_prdgen_mem002_f033,1
jrrfs_ensf_prdgen_mem001_f047,1
jrrfs_ensf_prdgen_mem001_f046,1
jrrfs_ensf_prdgen_mem004_f021,1
jrrfs_ensf_prdgen_mem002_f015,1
jrrfs_ensf_prdgen_mem005_f008,1
jrrfs_ensf_prdgen_mem001_f019,1
jrrfs_ensf_prdgen_mem002_f059,1
jrrfs_ensf_prdgen_mem003_f006,1
jrrfs_ensf_prdgen_mem005_f025,1
jrrfs_ensf_prdgen_mem005_f022,1
jrrfs_ensf_prdgen_mem004_f001,1
jrrfs_ensf_prdgen_mem004_f052,1
jrrfs_ensf_prdgen_mem004_f050,1
jrrfs_ensf_prdgen_mem003_f020,1
jrrfs_ensf_prdgen_mem003_f028,1
jrrfs_ensf_prdgen_mem003_f007,1
jrrfs_ensf_prdgen_mem004_f047,1
jrrfs_ensf_prdgen_mem002_f040,1
jrrfs_ensf_prdgen_mem002_f011,1
jrrfs_ensf_prdgen_mem004_f058,1
jrrfs_ensf_prdgen_mem005_f039,1
jrrfs_ensf_prdgen_mem005_f045,1
jrrfs_ensf_prdgen_mem002_f028,1
jrrfs_ensf_prdgen_mem005_f044,1
jrrfs_ensf_prdgen_mem001_f041,1
jrrfs_ensf_prdgen_mem004_f013,1
jrrfs_ensf_prdgen_mem001_f060,1
jrrfs_ensf_prdgen_mem003_f042,1
jrrfs_ensf_prdgen_mem005_f035,1
jrrfs_ensf_prdgen_mem001_f053,1
jrrfs_ensf_prdgen_mem005_f055,1
jrrfs_ensf_prdgen_mem004_f024,1
jrrfs_ensf_prdgen_mem001_f004,1
jrrfs_ensf_prdgen_mem005_f014,1
jrrfs_ensf_prdgen_mem001_f009,1
jrrfs_ensf_prdgen_mem001_f028,1
jrrfs_ensf_prdgen_mem004_f045,1
jrrfs_ensf_prdgen_mem004_f034,1
jrrfs_ensf_prdgen_mem004_f059,1
jrrfs_ensf_prdgen_mem003_f051,1
jrrfs_ensf_prdgen_mem005_f012,1
jrrfs_ensf_prdgen_mem004_f032,1
jrrfs_ensf_prdgen_mem002_f023,1
jrrfs_ensf_prdgen_mem005_f029,1
jrrfs_ensf_prdgen_mem005_f003,1
jrrfs_ensf_prdgen_mem004_f029,1
jrrfs_ensf_prdgen_mem005_f013,1
jrrfs_ensf_prdgen_mem002_f050,1
jrrfs_ensf_prdgen_mem003_f057,1
jrrfs_ensf_prdgen_mem003_f026,1
jrrfs_ensf_prdgen_mem002_f051,1
jrrfs_ensf_prdgen_mem005_f032,1
jrrfs_ensf_prdgen_mem001_f010,1
jrrfs_ensf_prdgen_mem005_f038,1
jrrfs_ensf_prdgen_mem004_f003,1
jrrfs_ensf_prdgen_mem003_f038,1
jrrfs_ensf_prdgen_mem004_f038,1
jrrfs_ensf_prdgen_mem003_f003,1
jrrfs_ensf_prdgen_mem001_f048,1
jrrfs_ensf_prdgen_mem005_f049,1
jrrfs_ensf_prdgen_mem003_f041,1
jrrfs_ensf_prdgen_mem004_f008,1
jrrfs_ensf_prdgen_mem002_f047,1
jrrfs_ensf_prdgen_mem002_f004,1
jrrfs_ensf_prdgen_mem002_f054,1
jrrfs_ensf_prdgen_mem003_f001,1
jrrfs_ensf_prdgen_mem003_f016,1
jrrfs_ensf_prdgen_mem005_f033,1
jrrfs_ensf_prdgen_mem005_f016,1
jrrfs_ensf_prdgen_mem004_f012,1
jrrfs_ensf_prdgen_mem005_f059,1
jrrfs_ensf_prdgen_mem001_f059,1
jrrfs_ensf_prdgen_mem004_f049,1
jrrfs_ensf_prdgen_mem002_f008,1
jrrfs_ensf_prdgen_mem005_f018,1
jrrfs_ensf_prdgen_mem002_f012,1
jrrfs_ensf_prdgen_mem005_f000,1
jrrfs_ensf_prdgen_mem002_f037,1
jrrfs_ensf_prdgen_mem001_f008,1
jrrfs_ensf_prdgen_mem001_f033,1
jrrfs_ensf_prdgen_mem002_f038,1
jrrfs_ensf_prdgen_mem001_f054,1
jrrfs_ensf_prdgen_mem005_f001,1
jrrfs_ensf_prdgen_mem003_f052,1
jrrfs_ensf_prdgen_mem002_f056,1
jrrfs_ensf_prdgen_mem003_f019,1
jrrfs_ensf_prdgen_mem004_f023,1
jrrfs_ensf_prdgen_mem003_f059,1
jrrfs_ensf_prdgen_mem004_f056,1
jrrfs_ensf_prdgen_mem003_f031,1
jrrfs_ensf_prdgen_mem003_f021,1
jrrfs_ensf_prdgen_mem004_f046,1
jrrfs_ensf_prdgen_mem003_f046,1
jrrfs_ensf_prdgen_mem004_f020,1
jrrfs_ensf_prdgen_mem001_f057,1
jrrfs_ensf_prdgen_mem004_f006,1
jrrfs_ensf_prdgen_mem001_f002,1
jrrfs_ensf_prdgen_mem002_f006,1
jrrfs_ensf_prdgen_mem004_f055,1
jrrfs_ensf_prdgen_mem005_f056,1
jrrfs_ensf_prdgen_mem005_f046,1
jrrfs_ensf_prdgen_mem004_f040,1
jrrfs_ensf_prdgen_mem001_f014,1
jrrfs_ensf_prdgen_mem003_f025,1
jrrfs_ensf_prdgen_mem001_f021,1
jrrfs_ensf_prdgen_mem005_f026,1
jrrfs_ensf_prdgen_mem001_f025,1
jrrfs_ensf_prdgen_mem001_f039,1
jrrfs_ensf_prdgen_mem002_f007,1
jrrfs_ensf_prdgen_mem002_f031,1
jrrfs_ensf_prdgen_mem002_f024,1
jrrfs_ensf_prdgen_mem003_f011,1
jrrfs_ensf_prdgen_mem002_f020,1
jrrfs_ensf_prdgen_mem003_f029,1
jrrfs_ensf_prdgen_mem001_f029,1
jrrfs_ensf_prdgen_mem005_f040,1
jrrfs_ensf_prdgen_mem005_f005,1
jrrfs_ensf_prdgen_mem002_f046,1
jrrfs_ensf_prdgen_mem003_f015,1
jrrfs_ensf_prdgen_mem003_f047,1
jrrfs_ensf_prdgen_mem005_f002,1
jrrfs_firewx_prdgen_f035,1
jrrfs_firewx_prdgen_f003,1
jrrfs_firewx_prdgen_f024,1
jrrfs_firewx_prdgen_f029,1
jrrfs_firewx_prdgen_f000,1
jrrfs_firewx_prdgen_f017,1
jrrfs_firewx_prdgen_f014,1
jrrfs_firewx_prdgen_f034,1
jrrfs_firewx_prdgen_f031,1
jrrfs_firewx_prdgen_f008,1
jrrfs_firewx_prdgen_f010,1
jrrfs_firewx_prdgen_f030,1
jrrfs_firewx_prdgen_f025,1
jrrfs_firewx_prdgen_f006,1
jrrfs_firewx_prdgen_f022,1
jrrfs_firewx_prdgen_f018,1
jrrfs_firewx_prdgen_f027,1
jrrfs_firewx_prdgen_f036,1
jrrfs_firewx_prdgen_f012,1
jrrfs_firewx_prdgen_f020,1
jrrfs_firewx_prdgen_f005,1
jrrfs_firewx_prdgen_f026,1
jrrfs_firewx_prdgen_f019,1
jrrfs_firewx_prdgen_f015,1
jrrfs_firewx_prdgen_f002,1
jrrfs_firewx_prdgen_f032,1
jrrfs_firewx_prdgen_f009,1
jrrfs_firewx_prdgen_f033,1
jrrfs_firewx_prdgen_f004,1
jrrfs_firewx_prdgen_f013,1
jrrfs_firewx_prdgen_f023,1
jrrfs_firewx_prdgen_f016,1
jrrfs_firewx_prdgen_f007,1
jrrfs_firewx_prdgen_f028,1
jrrfs_firewx_prdgen_f021,1
jrrfs_firewx_prdgen_f001,1
jrrfs_firewx_prdgen_f011,1
jrrfs_det_prdgen_f009_00_00_long,1
jrrfs_det_prdgen_f015_45_00,1
jrrfs_det_prdgen_f008_00_00_long,1
jrrfs_det_prdgen_f004_00_00_long,1
jrrfs_det_prdgen_f029_00_00_long,1
jrrfs_det_prdgen_f043_00_00_long,1
jrrfs_det_prdgen_f003_30_00,1
jrrfs_det_prdgen_f069_00_00_long,1
jrrfs_det_prdgen_f017_45_00_long,1
jrrfs_det_prdgen_f001_30_00,1
jrrfs_det_prdgen_f011_45_00,1
jrrfs_det_prdgen_f000_00_36_long,1
jrrfs_det_prdgen_f006_00_00,1
jrrfs_det_prdgen_f052_00_00_long,1
jrrfs_det_prdgen_f062_00_00_long,1
jrrfs_det_prdgen_f004_30_00_long,1
jrrfs_det_prdgen_f012_45_00,1
jrrfs_det_prdgen_f004_00_00,1
jrrfs_det_prdgen_f005_30_00,1
jrrfs_det_prdgen_f054_00_00_long,1
jrrfs_det_prdgen_f005_15_00_long,1
jrrfs_det_prdgen_f014_00_00,1
jrrfs_det_prdgen_f020_00_00_long,1
jrrfs_det_prdgen_f058_00_00_long,1
jrrfs_det_prdgen_f007_00_00_long,1
jrrfs_det_prdgen_f009_45_00,1
jrrfs_det_prdgen_f013_00_00,1
jrrfs_det_prdgen_f015_30_00_long,1
jrrfs_det_prdgen_f003_00_00,1
jrrfs_det_prdgen_f011_30_00_long,1
jrrfs_det_prdgen_f007_45_00,1
jrrfs_det_prdgen_f032_00_00_long,1
jrrfs_det_prdgen_f002_15_00,1
jrrfs_det_prdgen_f001_15_00_long,1
jrrfs_det_prdgen_f017_15_00,1
jrrfs_det_prdgen_f041_00_00_long,1
jrrfs_det_prdgen_f017_45_00,1
jrrfs_det_prdgen_f060_00_00_long,1
jrrfs_det_prdgen_f012_30_00,1
jrrfs_det_prdgen_f038_00_00_long,1
jrrfs_det_prdgen_f081_00_00_long,1
jrrfs_det_prdgen_f016_30_00,1
jrrfs_det_prdgen_f057_00_00_long,1
jrrfs_det_prdgen_f011_30_00,1
jrrfs_det_prdgen_f010_00_00_long,1
jrrfs_det_prdgen_f046_00_00_long,1
jrrfs_det_prdgen_f005_30_00_long,1
jrrfs_det_prdgen_f027_00_00_long,1
jrrfs_det_prdgen_f040_00_00_long,1
jrrfs_det_prdgen_f025_00_00_long,1
jrrfs_det_prdgen_f063_00_00_long,1
jrrfs_det_prdgen_f006_15_00,1
jrrfs_det_prdgen_f026_00_00_long,1
jrrfs_det_prdgen_f013_30_00_long,1
jrrfs_det_prdgen_f012_00_00,1
jrrfs_det_prdgen_f008_15_00_long,1
jrrfs_det_prdgen_f009_00_00,1
jrrfs_det_prdgen_f073_00_00_long,1
jrrfs_det_prdgen_f048_00_00_long,1
jrrfs_det_prdgen_f017_00_00_long,1
jrrfs_det_prdgen_f002_45_00,1
jrrfs_det_prdgen_f014_30_00_long,1
jrrfs_det_prdgen_f039_00_00_long,1
jrrfs_det_prdgen_f007_30_00,1
jrrfs_det_prdgen_f015_00_00_long,1
jrrfs_det_prdgen_f031_00_00_long,1
jrrfs_det_prdgen_f036_00_00_long,1
jrrfs_det_prdgen_f010_15_00,1
jrrfs_det_prdgen_f050_00_00_long,1
jrrfs_det_prdgen_f009_30_00_long,1
jrrfs_det_prdgen_f013_00_00_long,1
jrrfs_det_prdgen_f014_15_00_long,1
jrrfs_det_prdgen_f013_15_00_long,1
jrrfs_det_prdgen_f013_30_00,1
jrrfs_det_prdgen_f067_00_00_long,1
jrrfs_det_prdgen_f011_15_00,1
jrrfs_det_prdgen_f014_15_00,1
jrrfs_det_prdgen_f010_30_00_long,1
jrrfs_det_prdgen_f033_00_00_long,1
jrrfs_det_prdgen_f044_00_00_long,1
jrrfs_det_prdgen_f017_00_00,1
jrrfs_det_prdgen_f002_00_00,1
jrrfs_det_prdgen_f015_15_00_long,1
jrrfs_det_prdgen_f016_15_00,1
jrrfs_det_prdgen_f047_00_00_long,1
jrrfs_det_prdgen_f021_00_00_long,1
jrrfs_det_prdgen_f009_30_00,1
jrrfs_det_prdgen_f084_00_00_long,1
jrrfs_det_prdgen_f019_00_00_long,1
jrrfs_det_prdgen_f002_00_00_long,1
jrrfs_det_prdgen_f075_00_00_long,1
jrrfs_det_prdgen_f078_00_00_long,1
jrrfs_det_prdgen_f005_45_00_long,1
jrrfs_det_prdgen_f008_45_00,1
jrrfs_det_prdgen_f015_00_00,1
jrrfs_det_prdgen_f003_00_00_long,1
jrrfs_det_prdgen_f072_00_00_long,1
jrrfs_det_prdgen_f010_30_00,1
jrrfs_det_prdgen_f008_00_00,1
jrrfs_det_prdgen_f055_00_00_long,1
jrrfs_det_prdgen_f008_45_00_long,1
jrrfs_det_prdgen_f006_15_00_long,1
jrrfs_det_prdgen_f001_00_00,1
jrrfs_det_prdgen_f003_45_00_long,1
jrrfs_det_prdgen_f008_15_00,1
jrrfs_det_prdgen_f011_45_00_long,1
jrrfs_det_prdgen_f015_30_00,1
jrrfs_det_prdgen_f004_30_00,1
jrrfs_det_prdgen_f007_00_00,1
jrrfs_det_prdgen_f056_00_00_long,1
jrrfs_det_prdgen_f077_00_00_long,1
jrrfs_det_prdgen_f011_00_00,1
jrrfs_det_prdgen_f006_45_00_long,1
jrrfs_det_prdgen_f000_15_00,1
jrrfs_det_prdgen_f074_00_00_long,1
jrrfs_det_prdgen_f014_30_00,1
jrrfs_det_prdgen_f004_15_00,1
jrrfs_det_prdgen_f068_00_00_long,1
jrrfs_det_prdgen_f002_45_00_long,1
jrrfs_det_prdgen_f016_30_00_long,1
jrrfs_det_prdgen_f000_15_00_long,1
jrrfs_det_prdgen_f011_15_00_long,1
jrrfs_det_prdgen_f007_30_00_long,1
jrrfs_det_prdgen_f004_45_00_long,1
jrrfs_det_prdgen_f071_00_00_long,1
jrrfs_det_prdgen_f009_15_00_long,1
jrrfs_det_prdgen_f080_00_00_long,1
jrrfs_det_prdgen_f016_45_00_long,1
jrrfs_det_prdgen_f014_00_00_long,1
jrrfs_det_prdgen_f051_00_00_long,1
jrrfs_det_prdgen_f017_30_00,1
jrrfs_det_prdgen_f034_00_00_long,1
jrrfs_det_prdgen_f013_15_00,1
jrrfs_det_prdgen_f083_00_00_long,1
jrrfs_det_prdgen_f082_00_00_long,1
jrrfs_det_prdgen_f016_45_00,1
jrrfs_det_prdgen_f017_30_00_long,1
jrrfs_det_prdgen_f000_00_36,1
jrrfs_det_prdgen_f009_45_00_long,1
jrrfs_det_prdgen_f035_00_00_long,1
jrrfs_det_prdgen_f010_15_00_long,1
jrrfs_det_prdgen_f061_00_00_long,1
jrrfs_det_prdgen_f016_00_00,1
jrrfs_det_prdgen_f007_15_00_long,1
jrrfs_det_prdgen_f045_00_00_long,1
jrrfs_det_prdgen_f006_45_00,1
jrrfs_det_prdgen_f049_00_00_long,1
jrrfs_det_prdgen_f018_00_00,1
jrrfs_det_prdgen_f011_00_00_long,1
jrrfs_det_prdgen_f000_45_00_long,1
jrrfs_det_prdgen_f000_45_00,1
jrrfs_det_prdgen_f010_45_00,1
jrrfs_det_prdgen_f003_15_00,1
jrrfs_det_prdgen_f002_15_00_long,1
jrrfs_det_prdgen_f001_15_00,1
jrrfs_det_prdgen_f015_45_00_long,1
jrrfs_det_prdgen_f014_45_00_long,1
jrrfs_det_prdgen_f016_15_00_long,1
jrrfs_det_prdgen_f002_30_00_long,1
jrrfs_det_prdgen_f005_00_00_long,1
jrrfs_det_prdgen_f004_45_00,1
jrrfs_det_prdgen_f006_30_00,1
jrrfs_det_prdgen_f059_00_00_long,1
jrrfs_det_prdgen_f003_15_00_long,1
jrrfs_det_prdgen_f004_15_00_long,1
jrrfs_det_prdgen_f003_45_00,1
jrrfs_det_prdgen_f003_30_00_long,1
jrrfs_det_prdgen_f010_00_00,1
jrrfs_det_prdgen_f076_00_00_long,1
jrrfs_det_prdgen_f016_00_00_long,1
jrrfs_det_prdgen_f012_15_00,1
jrrfs_det_prdgen_f005_15_00,1
jrrfs_det_prdgen_f018_00_00_long,1
jrrfs_det_prdgen_f012_30_00_long,1
jrrfs_det_prdgen_f066_00_00_long,1
jrrfs_det_prdgen_f022_00_00_long,1
jrrfs_det_prdgen_f053_00_00_long,1
jrrfs_det_prdgen_f006_30_00_long,1
jrrfs_det_prdgen_f007_15_00,1
jrrfs_det_prdgen_f065_00_00_long,1
jrrfs_det_prdgen_f005_45_00,1
jrrfs_det_prdgen_f030_00_00_long,1
jrrfs_det_prdgen_f001_00_00_long,1
jrrfs_det_prdgen_f000_30_00_long,1
jrrfs_det_prdgen_f007_45_00_long,1
jrrfs_det_prdgen_f008_30_00,1
jrrfs_det_prdgen_f014_45_00,1
jrrfs_det_prdgen_f024_00_00_long,1
jrrfs_det_prdgen_f012_45_00_long,1
jrrfs_det_prdgen_f001_45_00,1
jrrfs_det_prdgen_f013_45_00_long,1
jrrfs_det_prdgen_f042_00_00_long,1
jrrfs_det_prdgen_f017_15_00_long,1
jrrfs_det_prdgen_f070_00_00_long,1
jrrfs_det_prdgen_f001_30_00_long,1
jrrfs_det_prdgen_f002_30_00,1
jrrfs_det_prdgen_f008_30_00_long,1
jrrfs_det_prdgen_f037_00_00_long,1
jrrfs_det_prdgen_f009_15_00,1
jrrfs_det_prdgen_f023_00_00_long,1
jrrfs_det_prdgen_f015_15_00,1
jrrfs_det_prdgen_f012_00_00_long,1
jrrfs_det_prdgen_f028_00_00_long,1
jrrfs_det_prdgen_f010_45_00_long,1
jrrfs_det_prdgen_f005_00_00,1
jrrfs_det_prdgen_f013_45_00,1
jrrfs_det_prdgen_f064_00_00_long,1
jrrfs_det_prdgen_f001_45_00_long,1
jrrfs_det_prdgen_f012_15_00_long,1
jrrfs_det_prdgen_f079_00_00_long,1
jrrfs_det_prdgen_f006_00_00_long,1
jrrfs_det_prdgen_f000_30_00,1
jrrfs_ensf_bufrsnd_mem001,2
jrrfs_ensf_bufrsnd_mem002,2
jrrfs_ensf_bufrsnd_mem003,2
jrrfs_ensf_bufrsnd_mem004,2
jrrfs_ensf_bufrsnd_mem005,2
